Date,Price
6/28/2019,1409.0
6/27/2019,1402.5
6/26/2019,1403.95
6/25/2019,1431.4
6/24/2019,1405.7
6/21/2019,1397.15
6/20/2019,1379.5
6/19/2019,1344.05
6/18/2019,1341.35
6/17/2019,1341.3
6/14/2019,1351.25
6/13/2019,1335.9
6/12/2019,1332.35
6/11/2019,1324.3
6/10/2019,1328.6
6/7/2019,1340.65
6/6/2019,1335.5
6/5/2019,1335.05
6/4/2019,1324.25
6/3/2019,1317.1
5/31/2019,1295.55
5/30/2019,1280.95
5/29/2019,1281.65
5/28/2019,1278.3
5/24/2019,1282.5
5/23/2019,1283.65
5/22/2019,1273.8
5/21/2019,1271.15
5/20/2019,1276.85
5/17/2019,1280.8
5/16/2019,1291.7
5/15/2019,1299.1
5/14/2019,1298.4
5/13/2019,1295.6
5/10/2019,1287.1
5/9/2019,1286.1
5/8/2019,1285.2
5/7/2019,1281.2
5/6/2019,1278.55
5/3/2019,1278.55
5/2/2019,1270.95
5/1/2019,1283.8
4/30/2019,1282.3
4/29/2019,1279.5
4/26/2019,1284.2
4/25/2019,1280.8
4/24/2019,1271.65
4/23/2019,1269.5
4/22/2019,1275.7
4/18/2019,1275.7
4/17/2019,1275.85
4/16/2019,1276.35
4/15/2019,1285.65
4/12/2019,1294.3
4/11/2019,1298.8
4/10/2019,1305.45
4/9/2019,1303.0
4/8/2019,1300.0
4/5/2019,1288.45
4/4/2019,1283.15
4/3/2019,1290.45
4/2/2019,1290.3
4/1/2019,1293.5
3/29/2019,1295.4
3/28/2019,1295.15
3/27/2019,1309.7
3/26/2019,1316.3
3/25/2019,1319.55
3/22/2019,1311.3
3/21/2019,1309.6
3/20/2019,1303.7
3/19/2019,1307.7
3/18/2019,1305.6
3/15/2019,1303.5
3/14/2019,1295.55
3/13/2019,1306.95
3/12/2019,1297.05
3/11/2019,1292.75
3/8/2019,1296.75
3/7/2019,1285.3
3/6/2019,1285.85
3/5/2019,1283.8
3/4/2019,1285.4
3/1/2019,1311.95
2/28/2019,1319.15
2/27/2019,1322.85
2/26/2019,1325.05
2/25/2019,1331.05
2/22/2019,1329.05
2/21/2019,1331.25
2/20/2019,1343.75
2/19/2019,1334.15
2/15/2019,1316.55
2/14/2019,1311.45
2/13/2019,1312.8
2/12/2019,1310.0
2/11/2019,1306.4
2/8/2019,1314.85
2/7/2019,1310.0
2/6/2019,1312.4
2/5/2019,1314.2
2/4/2019,1312.15
2/1/2019,1318.7
1/31/2019,1323.25
1/30/2019,1310.7
1/29/2019,1307.55
1/28/2019,1302.15
1/25/2019,1293.9
1/24/2019,1283.7
1/23/2019,1279.8
1/22/2019,1282.1
1/18/2019,1284.2
1/17/2019,1290.7
1/16/2019,1292.3
1/15/2019,1294.4
1/14/2019,1292.75
1/11/2019,1288.95
1/10/2019,1291.9
1/9/2019,1288.6
1/8/2019,1286.45
1/7/2019,1292.2
1/4/2019,1279.9
1/3/2019,1290.45
1/2/2019,1282.9
12/31/2018,1279.0
12/28/2018,1279.0
12/27/2018,1268.0
12/26/2018,1258.15
12/24/2018,1258.15
12/21/2018,1258.15
12/20/2018,1259.75
12/19/2018,1255.0
12/18/2018,1246.3
12/17/2018,1241.65
12/14/2018,1235.35
12/13/2018,1242.75
12/12/2018,1245.75
12/11/2018,1245.3
12/10/2018,1245.35
12/7/2018,1243.3
12/6/2018,1242.55
12/4/2018,1240.3
12/3/2018,1230.3
11/30/2018,1217.55
11/29/2018,1226.25
11/28/2018,1213.25
11/27/2018,1221.2
11/26/2018,1223.4
11/23/2018,1223.65
11/21/2018,1226.1
11/20/2018,1223.0
11/19/2018,1221.6
11/16/2018,1222.4
11/15/2018,1211.85
11/14/2018,1203.25
11/13/2018,1202.1
11/12/2018,1205.55
11/9/2018,1211.4
11/8/2018,1224.15
11/7/2018,1229.95
11/6/2018,1231.6
11/5/2018,1232.25
11/2/2018,1232.1
11/1/2018,1231.15
10/31/2018,1214.95
10/30/2018,1225.4
10/29/2018,1230.8
10/26/2018,1233.85
10/25/2018,1230.8
10/24/2018,1230.55
10/23/2018,1235.95
10/22/2018,1222.3
10/19/2018,1227.85
10/18/2018,1223.0
10/17/2018,1229.05
10/16/2018,1230.7
10/15/2018,1229.95
10/12/2018,1219.75
10/11/2018,1205.55
10/10/2018,1188.6
10/9/2018,1185.55
10/8/2018,1186.95
10/5/2018,1203.8
10/4/2018,1203.45
10/3/2018,1201.2
10/2/2018,1204.7
10/1/2018,1189.35
9/28/2018,1187.25
9/27/2018,1185.4
9/26/2018,1194.25
9/25/2018,1201.9
9/24/2018,1202.75
9/21/2018,1198.7
9/20/2018,1208.35
9/19/2018,1203.3
9/18/2018,1200.2
9/17/2018,1201.9
9/14/2018,1201.95
9/13/2018,1209.8
9/12/2018,1195.6
9/11/2018,1189.85
9/10/2018,1196.6
9/7/2018,1198.9
9/6/2018,1205.15
9/5/2018,1196.7
9/4/2018,1190.85
8/31/2018,1202.45
8/30/2018,1197.3
8/29/2018,1204.2
8/28/2018,1212.25
8/27/2018,1197.7
8/24/2018,1197.7
8/23/2018,1192.35
8/22/2018,1196.65
8/21/2018,1190.95
8/20/2018,1184.35
8/17/2018,1178.4
8/16/2018,1180.4
8/15/2018,1182.0
8/14/2018,1197.0
8/13/2018,1200.35
8/10/2018,1214.4
8/9/2018,1214.35
8/8/2018,1209.55
8/7/2018,1212.35
8/6/2018,1209.65
8/3/2018,1216.3
8/2/2018,1215.45
8/1/2018,1219.0
7/31/2018,1220.95
7/30/2018,1223.8
7/27/2018,1223.95
7/26/2018,1228.25
7/25/2018,1231.5
7/24/2018,1228.35
7/23/2018,1224.95
7/20/2018,1228.75
7/19/2018,1217.55
7/18/2018,1224.5
7/17/2018,1232.8
7/16/2018,1241.1
7/13/2018,1241.7
7/12/2018,1245.9
7/11/2018,1251.4
7/10/2018,1254.0
7/9/2018,1262.05
7/6/2018,1255.35
7/5/2018,1255.5
7/3/2018,1251.75
7/2/2018,1247.8
6/29/2018,1250.45
6/28/2018,1251.55
6/27/2018,1254.6
6/26/2018,1260.3
6/25/2018,1268.7
6/22/2018,1269.15
6/21/2018,1266.15
6/20/2018,1274.2
6/19/2018,1276.15
6/18/2018,1281.55
6/15/2018,1285.25
6/14/2018,1302.75
6/13/2018,1296.15
6/12/2018,1298.65
6/11/2018,1299.6
6/8/2018,1298.25
6/7/2018,1297.25
6/6/2018,1300.1
6/5/2018,1292.05
6/4/2018,1295.45
6/1/2018,1294.6
5/31/2018,1305.35
5/30/2018,1300.7
5/29/2018,1295.5
5/25/2018,1303.5
5/24/2018,1304.85
5/23/2018,1289.0
5/22/2018,1293.05
5/21/2018,1288.35
5/18/2018,1288.3
5/17/2018,1289.5
5/16/2018,1291.25
5/15/2018,1295.0
5/14/2018,1319.85
5/11/2018,1324.35
5/10/2018,1318.8
5/9/2018,1313.85
5/8/2018,1306.6
5/7/2018,1309.4
5/4/2018,1309.4
5/3/2018,1315.05
5/2/2018,1304.2
5/1/2018,1307.1
4/30/2018,1313.2
4/27/2018,1321.5
4/26/2018,1320.7
4/25/2018,1321.65
4/24/2018,1328.85
4/23/2018,1324.3
4/20/2018,1336.75
4/19/2018,1348.6
4/18/2018,1351.45
4/17/2018,1342.1
4/16/2018,1349.35
4/13/2018,1343.7
4/12/2018,1341.35
4/11/2018,1350.75
4/10/2018,1338.95
4/9/2018,1331.95
4/6/2018,1331.2
4/5/2018,1327.7
4/4/2018,1337.3
4/3/2018,1333.45
4/2/2018,1323.85
3/29/2018,1323.85
3/28/2018,1332.45
3/27/2018,1341.45
3/26/2018,1352.4
3/23/2018,1346.6
3/22/2018,1329.15
3/21/2018,1321.35
3/20/2018,1311.0
3/19/2018,1312.4
3/16/2018,1310.1
3/15/2018,1318.75
3/14/2018,1323.55
3/13/2018,1322.75
3/12/2018,1319.15
3/9/2018,1320.6
3/8/2018,1321.0
3/7/2018,1329.4
3/6/2018,1331.4
3/5/2018,1320.4
3/2/2018,1322.3
3/1/2018,1307.75
2/28/2018,1317.85
2/27/2018,1325.75
2/26/2018,1333.5
2/23/2018,1327.95
2/22/2018,1328.35
2/21/2018,1330.5
2/20/2018,1339.85
2/16/2018,1352.1
2/15/2018,1352.45
2/14/2018,1336.25
2/13/2018,1325.35
2/12/2018,1322.3
2/9/2018,1314.1
2/8/2018,1315.45
2/7/2018,1324.65
2/6/2018,1331.4
2/5/2018,1333.6
2/2/2018,1331.15
2/1/2018,1341.35
1/31/2018,1345.05
1/30/2018,1344.9
1/29/2018,1343.85
1/26/2018,1353.15
1/25/2018,1354.95
1/24/2018,1353.7
1/23/2018,1333.4
1/22/2018,1332.6
1/19/2018,1334.95
1/18/2018,1332.2
1/17/2018,1335.65
1/16/2018,1333.85
1/12/2018,1326.8
1/11/2018,1323.05
1/10/2018,1319.75
1/9/2018,1311.0
1/8/2018,1319.95
1/5/2018,1317.15
1/4/2018,1314.5
1/3/2018,1314.9
1/2/2018,1312.05
12/29/2017,1291.0
12/28/2017,1291.0
12/27/2017,1279.4
12/26/2017,1264.55
12/22/2017,1264.55
12/21/2017,1264.55
12/20/2017,1264.55
12/19/2017,1260.35
12/18/2017,1260.6
12/15/2017,1254.6
12/14/2017,1251.0
12/13/2017,1242.65
12/12/2017,1240.9
12/11/2017,1247.15
12/8/2017,1250.65
12/7/2017,1255.0
12/6/2017,1263.7
12/5/2017,1266.3
12/4/2017,1273.45
12/1/2017,1275.5
11/30/2017,1280.2
11/29/2017,1283.85
11/28/2017,1291.85
11/27/2017,1294.9
11/24/2017,1290.5
11/22/2017,1286.95
11/21/2017,1283.3
11/20/2017,1286.2
11/17/2017,1284.35
11/16/2017,1280.0
11/15/2017,1282.2
11/14/2017,1274.6
11/13/2017,1277.95
11/10/2017,1284.3
11/9/2017,1284.8
11/8/2017,1284.0
11/7/2017,1275.6
11/6/2017,1270.9
11/3/2017,1267.2
11/2/2017,1279.2
11/1/2017,1277.05
10/31/2017,1270.15
10/30/2017,1272.0
10/27/2017,1266.45
10/26/2017,1273.75
10/25/2017,1275.0
10/24/2017,1276.45
10/23/2017,1274.9
10/20/2017,1281.2
10/19/2017,1286.4
10/18/2017,1280.2
10/17/2017,1284.75
10/16/2017,1303.3
10/13/2017,1299.6
10/12/2017,1290.25
10/11/2017,1289.25
10/10/2017,1291.4
10/9/2017,1278.75
10/6/2017,1261.8
10/5/2017,1274.5
10/4/2017,1274.25
10/3/2017,1271.25
10/2/2017,1273.7
9/29/2017,1283.1
9/28/2017,1283.35
9/27/2017,1282.55
9/26/2017,1300.05
9/25/2017,1293.3
9/22/2017,1294.8
9/21/2017,1292.1
9/20/2017,1311.3
9/19/2017,1309.6
9/18/2017,1312.1
9/15/2017,1322.85
9/14/2017,1324.55
9/13/2017,1327.55
9/12/2017,1326.5
9/11/2017,1334.2
9/8/2017,1346.25
9/7/2017,1343.5
9/6/2017,1337.85
9/5/2017,1335.55
9/1/2017,1320.4
8/31/2017,1311.75
8/30/2017,1308.5
8/29/2017,1318.65
8/28/2017,1285.3
8/25/2017,1285.3
8/24/2017,1289.0
8/23/2017,1286.65
8/22/2017,1284.2
8/21/2017,1292.9
8/18/2017,1295.8
8/17/2017,1285.15
8/16/2017,1272.75
8/15/2017,1270.3
8/14/2017,1282.3
8/11/2017,1286.1
8/10/2017,1284.4
8/9/2017,1271.05
8/8/2017,1261.8
8/7/2017,1258.0
8/4/2017,1257.7
8/3/2017,1268.1
8/2/2017,1269.6
8/1/2017,1270.95
7/31/2017,1267.55
7/28/2017,1264.9
7/27/2017,1261.1
7/26/2017,1248.1
7/25/2017,1254.4
7/24/2017,1255.55
7/21/2017,1248.55
7/20/2017,1238.7
7/19/2017,1242.15
7/18/2017,1240.75
7/17/2017,1234.1
7/14/2017,1230.3
7/13/2017,1218.9
7/12/2017,1218.8
7/11/2017,1211.05
7/10/2017,1211.9
7/7/2017,1215.65
7/6/2017,1224.9
7/5/2017,1220.3
7/3/2017,1229.25
6/30/2017,1242.25
6/29/2017,1243.5
6/28/2017,1248.0
6/27/2017,1249.55
6/26/2017,1245.25
6/23/2017,1255.7
6/22/2017,1250.8
6/21/2017,1242.5
6/20/2017,1242.2
6/19/2017,1248.15
6/16/2017,1255.4
6/15/2017,1254.55
6/14/2017,1275.5
6/13/2017,1262.0
6/12/2017,1266.4
6/9/2017,1266.55
6/8/2017,1273.1
6/7/2017,1291.0
6/6/2017,1293.5
6/5/2017,1279.95
6/2/2017,1274.95
6/1/2017,1264.85
5/31/2017,1266.2
5/30/2017,1262.7
5/26/2017,1265.05
5/25/2017,1256.95
5/24/2017,1252.55
5/23/2017,1260.2
5/22/2017,1258.85
5/19/2017,1252.0
5/18/2017,1255.9
5/17/2017,1257.4
5/16/2017,1234.2
5/15/2017,1233.3
5/12/2017,1231.25
5/11/2017,1223.15
5/10/2017,1222.95
5/9/2017,1220.4
5/8/2017,1229.8
5/5/2017,1228.05
5/4/2017,1228.45
5/3/2017,1250.3
5/2/2017,1255.45
5/1/2017,1266.45
4/28/2017,1266.45
4/27/2017,1262.8
4/26/2017,1261.85
4/25/2017,1267.8
4/24/2017,1269.4
4/21/2017,1281.85
4/20/2017,1282.1
4/19/2017,1279.05
4/18/2017,1278.95
4/17/2017,1284.15
4/13/2017,1284.15
4/12/2017,1274.3
4/11/2017,1252.9
4/10/2017,1250.05
4/7/2017,1266.45
4/6/2017,1252.5
4/5/2017,1245.8
4/4/2017,1257.65
4/3/2017,1247.25
3/31/2017,1244.85
3/30/2017,1248.8
3/29/2017,1251.1
3/28/2017,1257.25
3/27/2017,1257.55
3/24/2017,1247.5
3/23/2017,1247.5
3/22/2017,1249.05
3/21/2017,1241.6
3/20/2017,1232.4
3/17/2017,1229.6
3/16/2017,1229.35
3/15/2017,1198.8
3/14/2017,1204.6
3/13/2017,1204.2
3/10/2017,1202.65
3/9/2017,1206.55
3/8/2017,1209.2
3/7/2017,1216.65
3/6/2017,1230.95
3/3/2017,1226.5
3/2/2017,1238.1
3/1/2017,1240.4
2/28/2017,1255.6
2/27/2017,1257.2
2/24/2017,1253.65
2/23/2017,1247.9
2/22/2017,1236.65
2/21/2017,1233.2
2/17/2017,1241.95
2/16/2017,1240.55
2/15/2017,1224.4
2/14/2017,1230.75
2/13/2017,1222.25
2/10/2017,1228.3
2/9/2017,1236.8
2/8/2017,1242.1
2/7/2017,1231.0
2/6/2017,1226.75
2/3/2017,1215.2
2/2/2017,1221.95
2/1/2017,1203.65
1/31/2017,1212.8
1/30/2017,1192.8
1/27/2017,1184.85
1/26/2017,1189.7
1/25/2017,1195.0
1/24/2017,1216.8
1/23/2017,1212.85
1/20/2017,1200.55
1/19/2017,1196.05
1/18/2017,1214.75
1/17/2017,1216.05
1/13/2017,1190.35
1/12/2017,1205.05
1/11/2017,1178.55
1/10/2017,1189.5
1/9/2017,1178.5
1/6/2017,1175.85
1/5/2017,1176.7
1/4/2017,1164.25
1/3/2017,1151.0
12/30/2016,1145.9
12/29/2016,1145.9
12/28/2016,1134.6
12/27/2016,1131.35
12/23/2016,1131.35
12/22/2016,1131.35
12/21/2016,1133.65
12/20/2016,1125.7
12/19/2016,1136.25
12/16/2016,1131.6
12/15/2016,1126.95
12/14/2016,1162.25
12/13/2016,1158.55
12/12/2016,1156.1
12/9/2016,1163.6
12/8/2016,1171.05
12/7/2016,1177.65
12/6/2016,1172.5
12/5/2016,1162.2
12/2/2016,1173.5
12/1/2016,1161.85
11/30/2016,1178.1
11/29/2016,1186.55
11/28/2016,1187.0
11/25/2016,1187.7
11/23/2016,1185.35
11/22/2016,1212.25
11/21/2016,1214.25
11/18/2016,1211.0
11/17/2016,1226.75
11/16/2016,1229.2
11/15/2016,1226.95
11/14/2016,1213.6
11/11/2016,1236.45
11/10/2016,1267.5
11/9/2016,1281.4
11/8/2016,1282.35
11/7/2016,1283.05
11/4/2016,1302.8
11/3/2016,1301.0
11/2/2016,1303.75
11/1/2016,1288.45
10/31/2016,1272.0
10/28/2016,1273.0
10/27/2016,1266.25
10/26/2016,1270.5
10/25/2016,1269.4
10/24/2016,1265.55
10/21/2016,1266.05
10/20/2016,1271.65
10/19/2016,1269.05
10/18/2016,1258.2
10/17/2016,1254.8
10/14/2016,1251.75
10/13/2016,1261.05
10/12/2016,1256.5
10/11/2016,1253.45
10/10/2016,1259.5
10/7/2016,1258.75
10/6/2016,1254.5
10/5/2016,1269.4
10/4/2016,1283.3
10/3/2016,1313.3
9/30/2016,1322.5
9/29/2016,1318.1
9/28/2016,1322.5
9/27/2016,1327.0
9/26/2016,1340.5
9/23/2016,1338.65
9/22/2016,1339.1
9/21/2016,1326.1
9/20/2016,1313.8
9/19/2016,1314.85
9/16/2016,1308.35
9/15/2016,1310.8
9/14/2016,1321.75
9/13/2016,1323.65
9/12/2016,1324.6
9/9/2016,1330.85
9/8/2016,1343.4
9/7/2016,1348.35
9/6/2016,1337.25
9/2/2016,1324.7
9/1/2016,1309.5
8/31/2016,1309.25
8/30/2016,1318.15
8/29/2016,1318.75
8/26/2016,1318.75
8/25/2016,1321.3
8/24/2016,1327.25
8/23/2016,1342.0
8/22/2016,1335.9
8/19/2016,1346.4
8/18/2016,1350.05
8/17/2016,1343.35
8/16/2016,1344.0
8/15/2016,1339.4
8/12/2016,1352.2
8/11/2016,1355.0
8/10/2016,1347.7
8/9/2016,1341.0
8/8/2016,1336.8
8/5/2016,1340.4
8/4/2016,1362.75
8/3/2016,1358.9
8/2/2016,1363.75
8/1/2016,1349.65
7/29/2016,1342.0
7/28/2016,1341.75
7/27/2016,1329.0
7/26/2016,1323.0
7/25/2016,1313.15
7/22/2016,1320.75
7/21/2016,1321.15
7/20/2016,1315.9
7/19/2016,1330.9
7/18/2016,1334.7
7/15/2016,1327.0
7/14/2016,1323.6
7/13/2016,1342.75
7/12/2016,1342.4
7/11/2016,1357.1
7/8/2016,1354.25
7/7/2016,1356.7
7/6/2016,1366.25
7/5/2016,1350.75
7/1/2016,1340.0
6/30/2016,1320.75
6/29/2016,1321.5
6/28/2016,1309.7
6/27/2016,1324.55
6/24/2016,1315.5
6/23/2016,1262.15
6/22/2016,1264.85
6/21/2016,1272.6
6/20/2016,1281.8
6/17/2016,1290.7
6/16/2016,1310.75
6/15/2016,1283.3
6/14/2016,1287.15
6/13/2016,1280.8
6/10/2016,1275.5
6/9/2016,1263.9
6/8/2016,1263.0
6/7/2016,1241.0
6/6/2016,1244.0
6/3/2016,1240.5
6/2/2016,1212.4
6/1/2016,1214.5
5/31/2016,1212.1
5/27/2016,1216.25
5/26/2016,1223.85
5/25/2016,1220.6
5/24/2016,1236.85
5/23/2016,1245.9
5/20/2016,1254.2
5/19/2016,1246.25
5/18/2016,1272.9
5/17/2016,1277.0
5/16/2016,1285.75
5/13/2016,1265.9
5/12/2016,1279.25
5/11/2016,1276.85
5/10/2016,1262.8
5/9/2016,1265.25
5/6/2016,1289.0
5/5/2016,1280.25
5/4/2016,1283.0
5/3/2016,1294.0
5/2/2016,1285.65
4/29/2016,1285.65
4/28/2016,1256.0
4/27/2016,1247.4
4/26/2016,1241.7
4/25/2016,1238.9
4/22/2016,1243.25
4/21/2016,1249.25
4/20/2016,1252.0
4/19/2016,1255.4
4/18/2016,1234.3
4/15/2016,1227.1
4/14/2016,1233.85
4/13/2016,1245.75
4/12/2016,1254.6
4/11/2016,1254.75
4/8/2016,1239.5
4/7/2016,1242.1
4/6/2016,1221.4
4/5/2016,1231.25
4/4/2016,1219.75
4/1/2016,1213.6
3/31/2016,1237.0
3/30/2016,1236.25
3/29/2016,1226.0
3/28/2016,1221.0
3/24/2016,1221.0
3/23/2016,1217.6
3/22/2016,1252.5
3/21/2016,1244.9
3/18/2016,1252.1
3/17/2016,1266.5
3/16/2016,1228.5
3/15/2016,1232.0
3/14/2016,1242.75
3/11/2016,1264.75
3/10/2016,1266.5
3/9/2016,1246.4
3/8/2016,1267.0
3/7/2016,1267.9
3/4/2016,1277.5
3/3/2016,1250.25
3/2/2016,1239.2
3/1/2016,1236.5
2/29/2016,1234.9
2/26/2016,1226.5
2/25/2016,1236.0
2/24/2016,1250.75
2/23/2016,1221.35
2/22/2016,1211.0
2/19/2016,1231.15
2/18/2016,1210.1
2/17/2016,1210.0
2/16/2016,1209.5
2/12/2016,1239.75
2/11/2016,1241.0
2/10/2016,1190.0
2/9/2016,1191.0
2/8/2016,1193.25
2/5/2016,1150.35
2/4/2016,1156.35
2/3/2016,1132.0
2/2/2016,1128.5
2/1/2016,1126.5
1/29/2016,1111.8
1/28/2016,1114.0
1/27/2016,1116.25
1/26/2016,1113.6
1/25/2016,1106.6
1/22/2016,1096.25
1/21/2016,1096.5
1/20/2016,1101.75
1/19/2016,1086.25
1/15/2016,1093.75
1/14/2016,1088.4
1/13/2016,1088.15
1/12/2016,1085.4
1/11/2016,1100.75
1/8/2016,1101.85
1/7/2016,1106.35
1/6/2016,1091.4
1/5/2016,1077.0
1/4/2016,1082.25
12/31/2015,1060.0
12/30/2015,1060.0
12/29/2015,1070.1
12/28/2015,1068.25
12/24/2015,1068.25
12/23/2015,1068.25
12/22/2015,1074.9
12/21/2015,1078.75
12/18/2015,1062.5
12/17/2015,1049.4
12/16/2015,1075.25
12/15/2015,1061.5
12/14/2015,1068.25
12/11/2015,1072.5
12/10/2015,1071.0
12/9/2015,1081.0
12/8/2015,1072.1
12/7/2015,1075.8
12/4/2015,1079.25
12/3/2015,1055.45
12/2/2015,1055.4
12/1/2015,1065.4
11/30/2015,1061.9
11/27/2015,1057.4
11/25/2015,1068.0
11/24/2015,1076.4
11/23/2015,1070.5
11/20/2015,1081.75
11/19/2015,1082.6
11/18/2015,1067.75
11/17/2015,1079.2
11/16/2015,1084.75
11/13/2015,1081.5
11/12/2015,1087.4
11/11/2015,1085.9
11/10/2015,1087.1
11/9/2015,1089.6
11/6/2015,1088.9
11/5/2015,1106.3
11/4/2015,1114.7
11/3/2015,1123.1
11/2/2015,1134.0
10/30/2015,1142.35
10/29/2015,1148.6
10/28/2015,1179.6
10/27/2015,1165.7
10/26/2015,1166.4
10/23/2015,1161.25
10/22/2015,1167.0
10/21/2015,1167.1
10/20/2015,1177.75
10/19/2015,1175.4
10/16/2015,1180.85
10/15/2015,1184.25
10/14/2015,1173.9
10/13/2015,1165.2
10/12/2015,1164.9
10/9/2015,1151.55
10/8/2015,1140.0
10/7/2015,1144.6
10/6/2015,1147.5
10/5/2015,1139.75
10/2/2015,1140.75
10/1/2015,1119.0
9/30/2015,1114.0
9/29/2015,1132.1
9/28/2015,1131.05
9/25/2015,1146.65
9/24/2015,1154.5
9/23/2015,1131.35
9/22/2015,1122.9
9/21/2015,1133.25
9/18/2015,1141.5
9/17/2015,1117.5
9/16/2015,1117.6
9/15/2015,1105.95
9/14/2015,1104.8
9/11/2015,1100.25
9/10/2015,1109.5
9/9/2015,1109.85
9/8/2015,1121.15
9/4/2015,1118.25
9/3/2015,1128.0
9/2/2015,1137.75
9/1/2015,1142.3
8/31/2015,1135.0
8/28/2015,1135.0
8/27/2015,1119.0
8/26/2015,1120.75
8/25/2015,1137.5
8/24/2015,1166.5
8/21/2015,1156.5
8/20/2015,1147.7
8/19/2015,1126.15
8/18/2015,1111.45
8/17/2015,1118.8
8/14/2015,1118.25
8/13/2015,1116.75
8/12/2015,1119.0
8/11/2015,1108.25
8/10/2015,1097.0
8/7/2015,1093.5
8/6/2015,1089.75
8/5/2015,1085.1
8/4/2015,1090.65
8/3/2015,1091.9
7/31/2015,1098.4
7/30/2015,1087.5
7/29/2015,1090.25
7/28/2015,1096.2
7/27/2015,1100.0
7/24/2015,1080.8
7/23/2015,1097.4
7/22/2015,1088.6
7/21/2015,1105.6
7/20/2015,1104.6
7/17/2015,1132.8
7/16/2015,1144.4
7/15/2015,1147.4
7/14/2015,1157.4
7/13/2015,1154.0
7/10/2015,1159.3
7/9/2015,1164.25
7/8/2015,1158.5
7/7/2015,1156.25
7/6/2015,1166.0
7/2/2015,1165.25
7/1/2015,1168.0
6/30/2015,1171.0
6/29/2015,1176.0
6/26/2015,1170.5
6/25/2015,1172.65
6/24/2015,1173.75
6/23/2015,1178.0
6/22/2015,1185.5
6/19/2015,1203.4
6/18/2015,1201.85
6/17/2015,1178.0
6/16/2015,1177.75
6/15/2015,1181.4
6/12/2015,1182.8
6/11/2015,1178.5
6/10/2015,1188.5
6/9/2015,1177.4
6/8/2015,1172.8
6/5/2015,1164.6
6/4/2015,1176.0
6/3/2015,1190.0
6/2/2015,1192.8
6/1/2015,1199.9
5/29/2015,1191.4
5/28/2015,1185.0
5/27/2015,1185.85
5/26/2015,1185.4
5/22/2015,1204.1
5/21/2015,1205.0
5/20/2015,1210.5
5/19/2015,1214.3
5/18/2015,1223.5
5/15/2015,1220.5
5/14/2015,1225.0
5/13/2015,1210.5
5/12/2015,1191.5
5/11/2015,1189.25
5/8/2015,1186.0
5/7/2015,1187.0
5/6/2015,1194.25
5/5/2015,1197.0
5/4/2015,1175.95
5/1/2015,1175.95
4/30/2015,1180.25
4/29/2015,1209.0
4/28/2015,1209.0
4/27/2015,1200.0
4/24/2015,1183.0
4/23/2015,1185.75
4/22/2015,1189.25
4/21/2015,1195.3
4/20/2015,1196.5
4/17/2015,1203.35
4/16/2015,1204.35
4/15/2015,1192.9
4/14/2015,1194.75
4/13/2015,1198.9
4/10/2015,1207.35
4/9/2015,1194.8
4/8/2015,1207.25
4/7/2015,1211.0
4/6/2015,1198.5
4/2/2015,1198.5
4/1/2015,1197.0
3/31/2015,1187.0
3/30/2015,1185.5
3/27/2015,1195.75
3/26/2015,1203.15
3/25/2015,1195.6
3/24/2015,1191.5
3/23/2015,1186.25
3/20/2015,1183.1
3/19/2015,1166.0
3/18/2015,1147.25
3/17/2015,1150.75
3/16/2015,1150.75
3/13/2015,1152.0
3/12/2015,1152.25
3/11/2015,1150.0
3/10/2015,1162.0
3/9/2015,1168.5
3/6/2015,1175.75
3/5/2015,1202.0
3/4/2015,1199.5
3/3/2015,1212.75
3/2/2015,1212.5
2/27/2015,1214.0
2/26/2015,1208.25
2/25/2015,1204.75
2/24/2015,1192.5
2/23/2015,1204.5
2/20/2015,1208.25
2/19/2015,1209.5
2/18/2015,1206.0
2/17/2015,1209.5
2/13/2015,1232.5
2/12/2015,1222.5
2/11/2015,1223.75
2/10/2015,1234.5
2/9/2015,1238.5
2/6/2015,1241.0
2/5/2015,1259.25
2/4/2015,1268.5
2/3/2015,1264.25
2/2/2015,1272.5
1/30/2015,1260.25
1/29/2015,1268.75
1/28/2015,1288.0
1/27/2015,1288.5
1/26/2015,1281.25
1/23/2015,1294.75
1/22/2015,1295.75
1/21/2015,1293.5
1/20/2015,1288.75
1/16/2015,1277.5
1/15/2015,1259.0
1/14/2015,1235.0
1/13/2015,1231.5
1/12/2015,1226.5
1/9/2015,1217.75
1/8/2015,1215.5
1/7/2015,1210.5
1/6/2015,1210.25
1/5/2015,1200.0
1/2/2015,1172.0
12/31/2014,1206.0
12/30/2014,1206.0
12/29/2014,1185.5
12/26/2014,1175.75
12/24/2014,1175.75
12/23/2014,1175.75
12/22/2014,1195.25
12/19/2014,1195.5
12/18/2014,1199.0
12/17/2014,1195.75
12/16/2014,1202.5
12/15/2014,1209.25
12/12/2014,1217.0
12/11/2014,1216.25
12/10/2014,1229.0
12/9/2014,1227.0
12/8/2014,1193.0
12/5/2014,1194.0
12/4/2014,1209.0
12/3/2014,1204.75
12/2/2014,1195.0
12/1/2014,1194.0
11/28/2014,1182.75
11/26/2014,1197.5
11/25/2014,1199.0
11/24/2014,1197.5
11/21/2014,1203.75
11/20/2014,1190.0
11/19/2014,1196.0
11/18/2014,1192.75
11/17/2014,1182.5
11/14/2014,1169.0
11/13/2014,1161.75
11/12/2014,1164.5
11/11/2014,1156.5
11/10/2014,1162.0
11/7/2014,1154.5
11/6/2014,1145.0
11/5/2014,1142.0
11/4/2014,1166.5
11/3/2014,1167.75
10/31/2014,1164.25
10/30/2014,1202.0
10/29/2014,1223.5
10/28/2014,1229.25
10/27/2014,1228.75
10/24/2014,1232.75
10/23/2014,1232.75
10/22/2014,1243.75
10/21/2014,1250.25
10/20/2014,1244.5
10/17/2014,1234.25
10/16/2014,1237.75
10/15/2014,1237.5
10/14/2014,1234.75
10/13/2014,1229.0
10/10/2014,1219.0
10/9/2014,1226.75
10/8/2014,1217.0
10/7/2014,1210.5
10/6/2014,1195.75
10/3/2014,1195.0
10/2/2014,1211.75
10/1/2014,1216.5
9/30/2014,1216.5
9/29/2014,1219.5
9/26/2014,1213.75
9/25/2014,1213.75
9/24/2014,1217.25
9/23/2014,1222.0
9/22/2014,1213.5
9/19/2014,1219.75
9/18/2014,1220.5
9/17/2014,1236.0
9/16/2014,1232.25
9/15/2014,1234.25
9/12/2014,1231.5
9/11/2014,1241.25
9/10/2014,1251.0
9/9/2014,1255.75
9/8/2014,1259.0
9/5/2014,1266.0
9/4/2014,1271.5
9/3/2014,1265.5
9/2/2014,1267.0
8/29/2014,1285.75
8/28/2014,1292.0
8/27/2014,1282.75
8/26/2014,1286.0
8/25/2014,1277.25
8/22/2014,1277.25
8/21/2014,1275.25
8/20/2014,1295.0
8/19/2014,1296.5
8/18/2014,1296.75
8/15/2014,1296.0
8/14/2014,1313.5
8/13/2014,1312.0
8/12/2014,1315.75
8/11/2014,1307.25
8/8/2014,1309.75
8/7/2014,1305.25
8/6/2014,1306.5
8/5/2014,1284.75
8/4/2014,1290.5
8/1/2014,1291.25
7/31/2014,1285.25
7/30/2014,1294.5
7/29/2014,1299.25
7/28/2014,1304.5
7/25/2014,1294.75
7/24/2014,1292.75
7/23/2014,1308.0
7/22/2014,1310.25
7/21/2014,1311.5
7/18/2014,1307.25
7/17/2014,1302.5
7/16/2014,1301.0
7/15/2014,1310.0
7/14/2014,1306.0
7/11/2014,1335.0
7/10/2014,1340.25
7/9/2014,1322.75
7/8/2014,1323.0
7/7/2014,1313.0
7/3/2014,1317.5
7/2/2014,1326.5
7/1/2014,1327.5
6/30/2014,1315.0
6/27/2014,1317.5
6/26/2014,1311.75
6/25/2014,1316.75
6/24/2014,1318.5
6/23/2014,1313.5
6/20/2014,1312.5
6/19/2014,1293.0
6/18/2014,1269.75
6/17/2014,1267.5
6/16/2014,1276.25
6/13/2014,1273.0
6/12/2014,1265.75
6/11/2014,1262.0
6/10/2014,1259.5
6/9/2014,1253.5
6/6/2014,1247.5
6/5/2014,1252.5
6/4/2014,1245.25
6/3/2014,1242.75
6/2/2014,1247.25
5/30/2014,1250.5
5/29/2014,1255.0
5/28/2014,1263.5
5/27/2014,1275.5
5/23/2014,1291.5
5/22/2014,1298.5
5/21/2014,1287.25
5/20/2014,1295.5
5/19/2014,1302.0
5/16/2014,1291.5
5/15/2014,1299.0
5/14/2014,1305.25
5/13/2014,1296.5
5/12/2014,1298.75
5/9/2014,1291.25
5/8/2014,1287.0
5/7/2014,1296.0
5/6/2014,1306.25
5/5/2014,1281.25
5/2/2014,1281.25
5/1/2014,1278.5
4/30/2014,1288.5
4/29/2014,1297.75
4/28/2014,1299.0
4/25/2014,1301.25
4/24/2014,1291.5
4/23/2014,1285.25
4/22/2014,1286.75
4/21/2014,1299.0
4/17/2014,1299.0
4/16/2014,1301.5
4/15/2014,1298.0
4/14/2014,1325.75
4/11/2014,1318.0
4/10/2014,1320.5
4/9/2014,1301.75
4/8/2014,1309.5
4/7/2014,1299.0
4/4/2014,1297.25
4/3/2014,1284.0
4/2/2014,1292.0
4/1/2014,1283.75
3/31/2014,1291.75
3/28/2014,1294.75
3/27/2014,1296.0
3/26/2014,1304.0
3/25/2014,1313.5
3/24/2014,1310.75
3/21/2014,1336.0
3/20/2014,1327.0
3/19/2014,1338.0
3/18/2014,1355.75
3/17/2014,1378.5
3/14/2014,1385.0
3/13/2014,1368.75
3/12/2014,1366.0
3/11/2014,1346.25
3/10/2014,1344.0
3/7/2014,1335.25
3/6/2014,1345.25
3/5/2014,1337.0
3/4/2014,1334.75
3/3/2014,1349.5
2/28/2014,1326.5
2/27/2014,1332.25
2/26/2014,1331.75
2/25/2014,1339.0
2/24/2014,1334.75
2/21/2014,1323.25
2/20/2014,1316.25
2/19/2014,1320.5
2/18/2014,1320.75
2/14/2014,1320.0
2/13/2014,1296.0
2/12/2014,1289.5
2/11/2014,1282.0
2/10/2014,1277.0
2/7/2014,1259.25
2/6/2014,1256.5
2/5/2014,1254.5
2/4/2014,1250.25
2/3/2014,1262.0
1/31/2014,1251.0
1/30/2014,1242.5
1/29/2014,1264.0
1/28/2014,1251.25
1/27/2014,1260.5
1/24/2014,1267.0
1/23/2014,1263.0
1/22/2014,1241.0
1/21/2014,1238.0
1/17/2014,1250.0
1/16/2014,1241.5
1/15/2014,1236.0
1/14/2014,1251.5
1/13/2014,1248.0
1/10/2014,1244.25
1/9/2014,1226.0
1/8/2014,1221.0
1/7/2014,1227.5
1/6/2014,1246.25
1/3/2014,1234.5
1/2/2014,1225.0
12/31/2013,1204.5
12/30/2013,1204.5
12/27/2013,1214.5
12/26/2013,1199.0
12/24/2013,1199.0
12/23/2013,1199.0
12/20/2013,1195.25
12/19/2013,1196.0
12/18/2013,1230.5
12/17/2013,1231.75
12/16/2013,1234.75
12/13/2013,1232.0
12/12/2013,1225.25
12/11/2013,1260.75
12/10/2013,1266.25
12/9/2013,1237.0
12/6/2013,1233.0
12/5/2013,1222.5
12/4/2013,1227.5
12/3/2013,1217.25
12/2/2013,1229.5
11/29/2013,1253.0
11/27/2013,1245.0
11/26/2013,1247.5
11/25/2013,1243.0
11/22/2013,1246.25
11/21/2013,1240.0
11/20/2013,1257.0
11/19/2013,1275.75
11/18/2013,1283.5
11/15/2013,1287.25
11/14/2013,1286.0
11/13/2013,1272.5
11/12/2013,1281.25
11/11/2013,1282.5
11/8/2013,1285.5
11/7/2013,1307.25
11/6/2013,1319.0
11/5/2013,1307.25
11/4/2013,1320.5
11/1/2013,1306.75
10/31/2013,1324.0
10/30/2013,1354.75
10/29/2013,1349.25
10/28/2013,1361.0
10/25/2013,1347.75
10/24/2013,1344.75
10/23/2013,1331.25
10/22/2013,1333.0
10/21/2013,1317.5
10/18/2013,1316.5
10/17/2013,1319.25
10/16/2013,1273.5
10/15/2013,1270.5
10/14/2013,1285.5
10/11/2013,1265.5
10/10/2013,1298.5
10/9/2013,1304.0
10/8/2013,1329.5
10/7/2013,1323.5
10/4/2013,1309.75
10/3/2013,1316.0
10/2/2013,1306.25
10/1/2013,1290.75
9/30/2013,1326.5
9/27/2013,1341.0
9/26/2013,1333.0
9/25/2013,1322.75
9/24/2013,1314.25
9/23/2013,1323.0
9/20/2013,1349.25
9/19/2013,1365.5
9/18/2013,1301.0
9/17/2013,1312.25
9/16/2013,1324.0
9/13/2013,1318.5
9/12/2013,1328.0
9/11/2013,1363.75
9/10/2013,1358.25
9/9/2013,1390.0
9/6/2013,1387.0
9/5/2013,1385.0
9/4/2013,1390.0
9/3/2013,1399.5
8/30/2013,1394.75
8/29/2013,1407.75
8/28/2013,1419.5
8/27/2013,1419.25
8/26/2013,1377.5
8/23/2013,1377.5
8/22/2013,1375.5
8/21/2013,1363.0
8/20/2013,1372.5
8/19/2013,1365.0
8/16/2013,1369.25
8/15/2013,1329.75
8/14/2013,1326.5
8/13/2013,1328.5
8/12/2013,1341.0
8/9/2013,1309.0
8/8/2013,1298.25
8/7/2013,1282.5
8/6/2013,1280.5
8/5/2013,1304.75
8/2/2013,1309.25
8/1/2013,1315.0
7/31/2013,1314.5
7/30/2013,1324.15
7/29/2013,1329.75
7/26/2013,1331.0
7/25/2013,1326.0
7/24/2013,1335.0
7/23/2013,1333.5
7/22/2013,1327.0
7/19/2013,1295.75
7/18/2013,1283.25
7/17/2013,1297.25
7/16/2013,1291.5
7/15/2013,1284.75
7/12/2013,1279.75
7/11/2013,1285.0
7/10/2013,1256.0
7/9/2013,1255.5
7/8/2013,1235.25
7/5/2013,1212.75
7/3/2013,1250.0
7/2/2013,1252.5
7/1/2013,1242.75
6/28/2013,1192.0
6/27/2013,1232.75
6/26/2013,1236.25
6/25/2013,1279.0
6/24/2013,1286.75
6/21/2013,1295.25
6/20/2013,1292.5
6/19/2013,1372.75
6/18/2013,1366.75
6/17/2013,1384.75
6/14/2013,1391.25
6/13/2013,1385.0
6/12/2013,1382.75
6/11/2013,1374.25
6/10/2013,1383.25
6/7/2013,1386.0
6/6/2013,1400.0
6/5/2013,1404.0
6/4/2013,1399.5
6/3/2013,1402.5
5/31/2013,1394.5
5/30/2013,1413.5
5/29/2013,1382.5
5/28/2013,1376.5
5/24/2013,1390.25
5/23/2013,1380.5
5/22/2013,1408.5
5/21/2013,1360.75
5/20/2013,1354.75
5/17/2013,1368.75
5/16/2013,1381.0
5/15/2013,1410.0
5/14/2013,1433.75
5/13/2013,1430.75
5/10/2013,1426.5
5/9/2013,1465.5
5/8/2013,1468.0
5/7/2013,1444.25
5/6/2013,1469.25
5/3/2013,1469.25
5/2/2013,1469.25
5/1/2013,1454.75
4/30/2013,1469.0
4/29/2013,1467.5
4/26/2013,1471.5
4/25/2013,1451.0
4/24/2013,1428.5
4/23/2013,1408.0
4/22/2013,1424.5
4/19/2013,1405.5
4/18/2013,1393.75
4/17/2013,1392.0
4/16/2013,1380.0
4/15/2013,1395.0
4/12/2013,1535.5
4/11/2013,1565.0
4/10/2013,1575.0
4/9/2013,1577.25
4/8/2013,1575.0
4/5/2013,1568.0
4/4/2013,1546.5
4/3/2013,1574.75
4/2/2013,1583.5
4/1/2013,1598.25
3/28/2013,1598.25
3/27/2013,1603.0
3/26/2013,1598.0
3/25/2013,1599.25
3/22/2013,1607.75
3/21/2013,1613.75
3/20/2013,1607.5
3/19/2013,1610.75
3/18/2013,1603.75
3/15/2013,1595.5
3/14/2013,1586.0
3/13/2013,1589.25
3/12/2013,1594.0
3/11/2013,1579.0
3/8/2013,1581.75
3/7/2013,1579.5
3/6/2013,1574.0
3/5/2013,1579.75
3/4/2013,1574.25
3/1/2013,1582.25
2/28/2013,1588.5
2/27/2013,1604.25
2/26/2013,1590.5
2/25/2013,1586.25
2/22/2013,1576.5
2/21/2013,1577.0
2/20/2013,1588.5
2/19/2013,1607.75
2/15/2013,1612.25
2/14/2013,1646.0
2/13/2013,1645.0
2/12/2013,1647.5
2/11/2013,1652.0
2/8/2013,1668.25
2/7/2013,1668.0
2/6/2013,1674.25
2/5/2013,1673.5
2/4/2013,1666.0
2/1/2013,1669.0
1/31/2013,1664.75
1/30/2013,1677.5
1/29/2013,1663.5
1/28/2013,1656.5
1/25/2013,1660.0
1/24/2013,1671.0
1/23/2013,1690.25
1/22/2013,1690.5
1/18/2013,1688.5
1/17/2013,1675.0
1/16/2013,1676.25
1/15/2013,1680.5
1/14/2013,1666.5
1/11/2013,1657.5
1/10/2013,1675.0
1/9/2013,1657.75
1/8/2013,1656.0
1/7/2013,1645.25
1/4/2013,1648.0
1/3/2013,1679.5
1/2/2013,1693.75
12/31/2012,1657.5
12/28/2012,1657.5
12/27/2012,1655.5
12/26/2012,1651.5
12/24/2012,1651.5
12/21/2012,1651.5
12/20/2012,1650.5
12/19/2012,1665.0
12/18/2012,1694.0
12/17/2012,1695.75
12/14/2012,1696.25
12/13/2012,1692.75
12/12/2012,1716.25
12/11/2012,1710.0
12/10/2012,1712.5
12/7/2012,1701.5
12/6/2012,1694.25
12/5/2012,1694.0
12/4/2012,1697.75
12/3/2012,1720.0
11/30/2012,1726.0
11/29/2012,1725.0
11/28/2012,1708.0
11/27/2012,1746.25
11/26/2012,1750.5
11/23/2012,1734.5
11/21/2012,1724.0
11/20/2012,1732.25
11/19/2012,1730.5
11/16/2012,1713.5
11/15/2012,1710.0
11/14/2012,1725.75
11/13/2012,1726.25
11/12/2012,1735.25
11/9/2012,1738.25
11/8/2012,1717.0
11/7/2012,1715.25
11/6/2012,1691.0
11/5/2012,1683.5
11/2/2012,1685.0
11/1/2012,1716.25
10/31/2012,1719.0
10/26/2012,1716.0
10/25/2012,1715.5
10/24/2012,1706.5
10/23/2012,1711.0
10/22/2012,1726.75
10/19/2012,1737.0
10/18/2012,1743.0
10/17/2012,1749.0
10/16/2012,1746.5
10/15/2012,1736.0
10/12/2012,1766.75
10/11/2012,1769.0
10/10/2012,1761.25
10/9/2012,1774.0
10/8/2012,1773.5
10/5/2012,1784.0
10/4/2012,1791.75
10/3/2012,1775.25
10/2/2012,1775.5
10/1/2012,1787.0
9/28/2012,1776.0
9/27/2012,1763.0
9/26/2012,1744.75
9/25/2012,1771.5
9/24/2012,1762.5
9/21/2012,1784.5
9/20/2012,1758.5
9/19/2012,1766.75
9/18/2012,1769.5
9/17/2012,1770.0
9/14/2012,1775.5
9/13/2012,1733.25
9/12/2012,1737.0
9/11/2012,1736.75
9/10/2012,1732.0
9/7/2012,1728.0
9/6/2012,1701.0
9/5/2012,1690.0
9/4/2012,1697.0
8/31/2012,1648.5
8/30/2012,1660.5
8/29/2012,1660.0
8/28/2012,1668.0
8/27/2012,1667.0
8/24/2012,1667.0
8/23/2012,1665.25
8/22/2012,1642.0
8/21/2012,1639.5
8/20/2012,1615.0
8/17/2012,1614.75
8/16/2012,1604.5
8/15/2012,1601.75
8/14/2012,1597.75
8/13/2012,1622.5
8/10/2012,1618.5
8/9/2012,1615.0
8/8/2012,1613.25
8/7/2012,1611.0
8/6/2012,1610.0
8/3/2012,1602.0
8/2/2012,1597.0
8/1/2012,1599.0
7/31/2012,1622.0
7/30/2012,1617.75
7/27/2012,1618.25
7/26/2012,1618.0
7/25/2012,1601.0
7/24/2012,1583.25
7/23/2012,1572.25
7/20/2012,1576.25
7/19/2012,1584.0
7/18/2012,1575.25
7/17/2012,1585.25
7/16/2012,1589.75
7/13/2012,1595.5
7/12/2012,1556.25
7/11/2012,1577.0
7/10/2012,1595.25
7/9/2012,1585.0
7/6/2012,1587.0
7/5/2012,1604.0
7/3/2012,1617.5
7/2/2012,1592.0
6/29/2012,1598.5
6/28/2012,1558.5
6/27/2012,1573.5
6/26/2012,1576.0
6/25/2012,1570.0
6/22/2012,1565.5
6/21/2012,1582.0
6/20/2012,1601.0
6/19/2012,1625.5
6/18/2012,1615.5
6/15/2012,1627.25
6/14/2012,1613.5
6/13/2012,1619.5
6/12/2012,1603.5
6/11/2012,1584.0
6/8/2012,1576.5
6/7/2012,1606.0
6/6/2012,1635.0
6/5/2012,1606.0
6/4/2012,1606.0
6/1/2012,1606.0
5/31/2012,1558.0
5/30/2012,1540.0
5/29/2012,1579.5
5/25/2012,1569.5
5/24/2012,1568.5
5/23/2012,1549.0
5/22/2012,1582.5
5/21/2012,1592.5
5/18/2012,1589.5
5/17/2012,1554.0
5/16/2012,1548.5
5/15/2012,1556.5
5/14/2012,1558.5
5/11/2012,1583.0
5/10/2012,1598.5
5/9/2012,1582.5
5/8/2012,1602.5
5/7/2012,1643.75
5/4/2012,1643.75
5/3/2012,1637.75
5/2/2012,1648.0
5/1/2012,1664.0
4/30/2012,1651.25
4/27/2012,1663.5
4/26/2012,1653.5
4/25/2012,1637.75
4/24/2012,1649.5
4/23/2012,1629.0
4/20/2012,1641.5
4/19/2012,1650.0
4/18/2012,1644.0
4/17/2012,1635.5
4/16/2012,1653.0
4/13/2012,1666.5
4/12/2012,1668.5
4/11/2012,1658.0
4/10/2012,1644.0
4/9/2012,1631.0
4/5/2012,1631.0
4/4/2012,1621.0
4/3/2012,1676.25
4/2/2012,1677.5
3/30/2012,1662.5
3/29/2012,1657.5
3/28/2012,1676.0
3/27/2012,1692.0
3/26/2012,1680.25
3/23/2012,1664.0
3/22/2012,1635.5
3/21/2012,1649.25
3/20/2012,1656.75
3/19/2012,1661.5
3/16/2012,1658.0
3/15/2012,1648.0
3/14/2012,1644.25
3/13/2012,1690.0
3/12/2012,1697.5
3/9/2012,1687.5
3/8/2012,1690.0
3/7/2012,1677.5
3/6/2012,1669.0
3/5/2012,1705.0
3/2/2012,1707.0
3/1/2012,1714.0
2/29/2012,1770.0
2/28/2012,1781.0
2/27/2012,1772.0
2/24/2012,1777.5
2/23/2012,1777.0
2/22/2012,1752.0
2/21/2012,1748.0
2/17/2012,1723.0
2/16/2012,1713.0
2/15/2012,1733.0
2/14/2012,1722.0
2/13/2012,1720.0
2/10/2012,1711.5
2/9/2012,1748.0
2/8/2012,1746.0
2/7/2012,1724.0
2/6/2012,1719.0
2/3/2012,1734.0
2/2/2012,1751.0
2/1/2012,1740.0
1/31/2012,1744.0
1/30/2012,1729.0
1/27/2012,1726.0
1/26/2012,1727.0
1/25/2012,1650.0
1/24/2012,1665.5
1/23/2012,1675.5
1/20/2012,1653.0
1/19/2012,1655.0
1/18/2012,1647.0
1/17/2012,1656.0
1/13/2012,1635.5
1/12/2012,1661.0
1/11/2012,1634.5
1/10/2012,1637.0
1/9/2012,1615.0
1/6/2012,1616.5
1/5/2012,1599.0
1/4/2012,1613.0
1/3/2012,1598.0
12/30/2011,1531.0
12/29/2011,1531.0
12/28/2011,1571.0
12/27/2011,1606.5
12/23/2011,1606.5
12/22/2011,1606.5
12/21/2011,1608.0
12/20/2011,1613.5
12/19/2011,1598.0
12/16/2011,1594.0
12/15/2011,1574.0
12/14/2011,1603.0
12/13/2011,1672.5
12/12/2011,1659.5
12/9/2011,1709.0
12/8/2011,1715.0
12/7/2011,1735.5
12/6/2011,1708.0
12/5/2011,1744.0
12/2/2011,1747.0
12/1/2011,1752.0
11/30/2011,1746.0
11/29/2011,1717.0
11/28/2011,1714.0
11/25/2011,1688.5
11/23/2011,1681.0
11/22/2011,1699.0
11/21/2011,1702.0
11/18/2011,1719.0
11/17/2011,1742.5
11/16/2011,1756.0
11/15/2011,1785.0
11/14/2011,1776.0
11/11/2011,1773.0
11/10/2011,1756.0
11/9/2011,1784.0
11/8/2011,1795.0
11/7/2011,1782.0
11/4/2011,1749.0
11/3/2011,1758.0
11/2/2011,1743.0
11/1/2011,1699.0
10/31/2011,1722.0
10/28/2011,1741.0
10/27/2011,1718.0
10/26/2011,1715.0
10/25/2011,1656.0
10/24/2011,1652.0
10/21/2011,1642.5
10/20/2011,1620.0
10/19/2011,1652.5
10/18/2011,1631.0
10/17/2011,1682.0
10/14/2011,1678.0
10/13/2011,1656.0
10/12/2011,1682.0
10/11/2011,1663.0
10/10/2011,1661.0
10/7/2011,1652.0
10/6/2011,1635.0
10/5/2011,1617.0
10/4/2011,1638.0
10/3/2011,1655.5
9/30/2011,1620.0
9/29/2011,1613.0
9/28/2011,1643.0
9/27/2011,1659.0
9/26/2011,1598.0
9/23/2011,1689.0
9/22/2011,1722.0
9/21/2011,1793.0
9/20/2011,1799.0
9/19/2011,1794.0
9/16/2011,1794.0
9/15/2011,1782.0
9/14/2011,1818.5
9/13/2011,1820.0
9/12/2011,1834.0
9/9/2011,1851.0
9/8/2011,1855.0
9/7/2011,1810.0
9/6/2011,1895.0
9/2/2011,1875.25
9/1/2011,1821.0
8/31/2011,1813.5
8/30/2011,1825.0
8/29/2011,1788.0
8/26/2011,1788.0
8/25/2011,1729.0
8/24/2011,1770.0
8/23/2011,1876.0
8/22/2011,1877.5
8/19/2011,1848.0
8/18/2011,1824.0
8/17/2011,1790.0
8/16/2011,1782.5
8/15/2011,1739.0
8/12/2011,1736.0
8/11/2011,1760.0
8/10/2011,1772.0
8/9/2011,1736.0
8/8/2011,1693.0
8/5/2011,1658.75
8/4/2011,1679.5
8/3/2011,1669.25
8/2/2011,1637.75
8/1/2011,1623.0
7/29/2011,1628.5
7/28/2011,1613.5
7/27/2011,1625.0
7/26/2011,1612.75
7/25/2011,1613.5
7/22/2011,1602.0
7/21/2011,1601.0
7/20/2011,1586.0
7/19/2011,1601.0
7/18/2011,1599.0
7/15/2011,1587.0
7/14/2011,1590.5
7/13/2011,1579.0
7/12/2011,1550.5
7/11/2011,1555.5
7/8/2011,1541.5
7/7/2011,1527.5
7/6/2011,1527.25
7/5/2011,1510.0
7/1/2011,1483.0
6/30/2011,1505.5
6/29/2011,1504.25
6/28/2011,1499.0
6/27/2011,1498.0
6/24/2011,1514.75
6/23/2011,1523.0
6/22/2011,1552.5
6/21/2011,1544.75
6/20/2011,1544.0
6/17/2011,1537.5
6/16/2011,1523.25
6/15/2011,1529.75
6/14/2011,1516.0
6/13/2011,1526.25
6/10/2011,1529.25
6/9/2011,1537.75
6/8/2011,1537.75
6/7/2011,1545.0
6/6/2011,1549.0
6/3/2011,1540.0
6/2/2011,1539.5
6/1/2011,1533.75
5/31/2011,1536.5
5/27/2011,1533.0
5/26/2011,1518.5
5/25/2011,1526.25
5/24/2011,1527.0
5/23/2011,1510.5
5/20/2011,1490.75
5/19/2011,1493.0
5/18/2011,1496.5
5/17/2011,1478.5
5/16/2011,1500.75
5/13/2011,1505.75
5/12/2011,1489.5
5/11/2011,1508.0
5/10/2011,1513.5
5/9/2011,1502.0
5/6/2011,1486.5
5/5/2011,1511.0
5/4/2011,1541.0
5/3/2011,1540.25
5/2/2011,1535.5
4/29/2011,1535.5
4/28/2011,1535.5
4/27/2011,1511.0
4/26/2011,1497.5
4/25/2011,1504.0
4/21/2011,1504.0
4/20/2011,1501.0
4/19/2011,1490.5
4/18/2011,1493.0
4/15/2011,1476.75
4/14/2011,1465.75
4/13/2011,1457.5
4/12/2011,1450.5
4/11/2011,1468.0
4/8/2011,1469.5
4/7/2011,1459.5
4/6/2011,1461.5
4/5/2011,1433.5
4/4/2011,1435.5
4/1/2011,1418.0
3/31/2011,1439.0
3/30/2011,1425.5
3/29/2011,1417.5
3/28/2011,1417.0
3/25/2011,1436.0
3/24/2011,1447.0
3/23/2011,1439.5
3/22/2011,1426.0
3/21/2011,1432.0
3/18/2011,1420.0
3/17/2011,1403.75
3/16/2011,1402.0
3/15/2011,1400.5
3/14/2011,1422.25
3/11/2011,1411.5
3/10/2011,1413.25
3/9/2011,1431.0
3/8/2011,1426.25
3/7/2011,1437.5
3/4/2011,1427.0
3/3/2011,1421.5
3/2/2011,1435.5
3/1/2011,1420.75
2/28/2011,1411.0
2/25/2011,1402.5
2/24/2011,1411.5
2/23/2011,1409.25
2/22/2011,1401.0
2/18/2011,1383.5
2/17/2011,1379.0
2/16/2011,1371.25
2/15/2011,1372.75
2/14/2011,1365.0
2/11/2011,1364.0
2/10/2011,1353.25
2/9/2011,1365.0
2/8/2011,1363.5
2/7/2011,1347.5
2/4/2011,1355.0
2/3/2011,1328.0
2/2/2011,1337.0
2/1/2011,1331.5
1/31/2011,1327.0
1/28/2011,1319.0
1/27/2011,1334.5
1/26/2011,1328.0
1/25/2011,1324.0
1/24/2011,1343.0
1/21/2011,1343.5
1/20/2011,1345.5
1/19/2011,1372.0
1/18/2011,1369.5
1/14/2011,1367.0
1/13/2011,1381.5
1/12/2011,1378.75
1/11/2011,1374.0
1/10/2011,1368.25
1/7/2011,1367.0
1/6/2011,1368.5
1/5/2011,1368.0
1/4/2011,1388.5
1/3/2011,1405.5
12/31/2010,1405.5
12/30/2010,1405.5
12/29/2010,1412.5
12/28/2010,1373.5
12/27/2010,1373.5
12/23/2010,1373.5
12/22/2010,1387.0
12/21/2010,1383.0
12/20/2010,1380.0
12/17/2010,1368.5
12/16/2010,1363.0
12/15/2010,1388.75
12/14/2010,1394.5
12/13/2010,1399.0
12/10/2010,1375.25
12/9/2010,1391.25
12/8/2010,1385.5
12/7/2010,1420.0
12/6/2010,1415.25
12/3/2010,1403.5
12/2/2010,1389.0
12/1/2010,1385.5
11/30/2010,1383.5
11/29/2010,1357.0
11/26/2010,1355.0
11/24/2010,1372.5
11/23/2010,1377.5
11/22/2010,1356.5
11/19/2010,1342.5
11/18/2010,1350.25
11/17/2010,1337.5
11/16/2010,1349.0
11/15/2010,1368.5
11/12/2010,1388.5
11/11/2010,1398.5
11/10/2010,1390.5
11/9/2010,1421.0
11/8/2010,1388.5
11/5/2010,1395.5
11/4/2010,1381.0
11/3/2010,1345.5
11/2/2010,1351.0
11/1/2010,1354.5
10/29/2010,1346.75
10/28/2010,1333.5
10/27/2010,1324.5
10/26/2010,1329.5
10/25/2010,1337.5
10/22/2010,1322.5
10/21/2010,1343.5
10/20/2010,1339.0
10/19/2010,1339.0
10/18/2010,1367.25
10/15/2010,1367.5
10/14/2010,1373.25
10/13/2010,1365.5
10/12/2010,1348.5
10/11/2010,1351.5
10/8/2010,1341.5
10/7/2010,1345.0
10/6/2010,1346.5
10/5/2010,1330.5
10/4/2010,1313.5
10/1/2010,1316.25
9/30/2010,1307.0
9/29/2010,1307.5
9/28/2010,1294.0
9/27/2010,1297.0
9/24/2010,1297.0
9/23/2010,1290.75
9/22/2010,1293.5
9/21/2010,1275.0
9/20/2010,1279.25
9/17/2010,1274.0
9/16/2010,1272.5
9/15/2010,1267.0
9/14/2010,1265.5
9/13/2010,1243.75
9/10/2010,1246.5
9/9/2010,1255.0
9/8/2010,1255.0
9/7/2010,1256.75
9/3/2010,1240.5
9/2/2010,1248.5
9/1/2010,1246.5
8/31/2010,1246.0
8/30/2010,1235.0
8/27/2010,1235.0
8/26/2010,1237.0
8/25/2010,1237.5
8/24/2010,1222.0
8/23/2010,1226.0
8/20/2010,1223.5
8/19/2010,1233.5
8/18/2010,1218.0
8/17/2010,1226.0
8/16/2010,1223.5
8/13/2010,1214.25
8/12/2010,1213.0
8/11/2010,1205.5
8/10/2010,1192.5
8/9/2010,1203.0
8/6/2010,1207.75
8/5/2010,1192.5
8/4/2010,1199.5
8/3/2010,1187.5
8/2/2010,1188.5
7/30/2010,1169.0
7/29/2010,1162.5
7/28/2010,1157.0
7/27/2010,1168.0
7/26/2010,1183.5
7/23/2010,1190.5
7/22/2010,1199.5
7/21/2010,1191.5
7/20/2010,1183.0
7/19/2010,1181.0
7/16/2010,1189.25
7/15/2010,1208.0
7/14/2010,1207.0
7/13/2010,1216.0
7/12/2010,1205.5
7/9/2010,1208.75
7/8/2010,1193.5
7/7/2010,1193.25
7/6/2010,1195.0
7/2/2010,1201.5
7/1/2010,1234.0
6/30/2010,1244.0
6/29/2010,1234.5
6/28/2010,1261.0
6/25/2010,1254.0
6/24/2010,1236.25
6/23/2010,1226.5
6/22/2010,1236.0
6/21/2010,1254.5
6/18/2010,1256.0
6/17/2010,1245.0
6/16/2010,1234.5
6/15/2010,1225.0
6/14/2010,1223.75
6/11/2010,1220.0
6/10/2010,1217.5
6/9/2010,1233.5
6/8/2010,1246.0
6/7/2010,1215.0
6/4/2010,1203.5
6/3/2010,1215.0
6/2/2010,1215.0
6/1/2010,1227.75
5/28/2010,1207.5
5/27/2010,1211.0
5/26/2010,1212.0
5/25/2010,1198.25
5/24/2010,1187.0
5/21/2010,1179.75
5/20/2010,1192.0
5/19/2010,1195.0
5/18/2010,1216.75
5/17/2010,1236.0
5/14/2010,1236.5
5/13/2010,1237.5
5/12/2010,1237.5
5/11/2010,1222.5
5/10/2010,1196.5
5/7/2010,1202.25
5/6/2010,1185.25
5/5/2010,1165.0
5/4/2010,1185.0
5/3/2010,1179.25
4/30/2010,1179.25
4/29/2010,1166.75
4/28/2010,1161.0
4/27/2010,1149.5
4/26/2010,1154.5
4/23/2010,1139.5
4/22/2010,1133.75
4/21/2010,1143.0
4/20/2010,1144.75
4/19/2010,1136.25
4/16/2010,1151.5
4/15/2010,1154.5
4/14/2010,1153.75
4/13/2010,1148.25
4/12/2010,1158.75
4/9/2010,1152.5
4/8/2010,1148.0
4/7/2010,1142.0
4/6/2010,1132.75
4/5/2010,1123.5
4/1/2010,1123.5
3/31/2010,1115.5
3/30/2010,1107.0
3/29/2010,1107.5
3/26/2010,1096.5
3/25/2010,1093.0
3/24/2010,1090.75
3/23/2010,1101.5
3/22/2010,1097.25
3/19/2010,1105.5
3/18/2010,1122.75
3/17/2010,1121.75
3/16/2010,1124.75
3/15/2010,1104.25
3/12/2010,1106.25
3/11/2010,1104.0
3/10/2010,1120.5
3/9/2010,1115.75
3/8/2010,1125.75
3/5/2010,1135.0
3/4/2010,1134.5
3/3/2010,1136.5
3/2/2010,1126.5
3/1/2010,1114.0
2/26/2010,1108.25
2/25/2010,1094.5
2/24/2010,1103.0
2/23/2010,1107.0
2/22/2010,1115.25
2/19/2010,1112.75
2/18/2010,1118.0
2/17/2010,1119.0
2/16/2010,1115.25
2/12/2010,1082.0
2/11/2010,1076.25
2/10/2010,1069.5
2/9/2010,1071.25
2/8/2010,1064.0
2/5/2010,1058.0
2/4/2010,1083.25
2/3/2010,1115.25
2/2/2010,1111.0
2/1/2010,1086.5
1/29/2010,1078.5
1/28/2010,1088.0
1/27/2010,1094.75
1/26/2010,1093.25
1/25/2010,1095.25
1/22/2010,1084.0
1/21/2010,1108.25
1/20/2010,1120.25
1/19/2010,1133.0
1/15/2010,1128.0
1/14/2010,1138.25
1/13/2010,1127.25
1/12/2010,1151.25
1/11/2010,1153.0
1/8/2010,1126.75
1/7/2010,1130.25
1/6/2010,1130.0
1/5/2010,1123.25
1/4/2010,1121.5
12/31/2009,1087.5
12/30/2009,1087.5
12/29/2009,1106.0
12/28/2009,1085.25
12/24/2009,1085.25
12/23/2009,1085.25
12/22/2009,1084.0
12/21/2009,1105.5
12/18/2009,1104.5
12/17/2009,1117.0
12/16/2009,1137.5
12/15/2009,1122.0
12/14/2009,1123.75
12/11/2009,1124.0
12/10/2009,1128.5
12/9/2009,1141.0
12/8/2009,1146.75
12/7/2009,1142.5
12/4/2009,1190.25
12/3/2009,1208.75
12/2/2009,1212.5
12/1/2009,1192.5
11/30/2009,1175.75
11/27/2009,1166.5
11/25/2009,1179.75
11/24/2009,1163.25
11/23/2009,1169.5
11/20/2009,1140.0
11/19/2009,1135.5
11/18/2009,1149.0
11/17/2009,1134.75
11/16/2009,1130.0
11/13/2009,1104.0
11/12/2009,1114.75
11/11/2009,1115.25
11/10/2009,1101.5
11/9/2009,1106.75
11/6/2009,1096.75
11/5/2009,1089.0
11/4/2009,1090.0
11/3/2009,1061.0
11/2/2009,1062.0
10/30/2009,1040.0
10/29/2009,1040.5
10/28/2009,1031.75
10/27/2009,1036.5
10/26/2009,1054.0
10/23/2009,1061.75
10/22/2009,1053.0
10/21/2009,1053.75
10/20/2009,1061.75
10/19/2009,1050.5
10/16/2009,1047.5
10/15/2009,1053.5
10/14/2009,1059.5
10/13/2009,1057.5
10/12/2009,1058.75
10/9/2009,1051.5
10/8/2009,1045.0
10/7/2009,1040.25
10/6/2009,1038.75
10/5/2009,1005.5
10/2/2009,1003.5
10/1/2009,1004.75
9/30/2009,995.75
9/29/2009,989.5
9/28/2009,991.75
9/25/2009,991.5
9/24/2009,1009.75
9/23/2009,1010.25
9/22/2009,1014.0
9/21/2009,997.0
9/18/2009,1012.0
9/17/2009,1018.5
9/16/2009,1015.75
9/15/2009,996.0
9/14/2009,999.25
9/11/2009,1008.25
9/10/2009,990.75
9/9/2009,999.5
9/8/2009,1000.75
9/4/2009,989.0
9/3/2009,983.0
9/2/2009,964.75
9/1/2009,955.0
8/31/2009,955.5
8/28/2009,955.5
8/27/2009,943.0
8/26/2009,940.5
8/25/2009,950.5
8/24/2009,951.5
8/21/2009,952.5
8/20/2009,940.5
8/19/2009,943.0
8/18/2009,935.0
8/17/2009,932.75
8/14/2009,953.5
8/13/2009,953.5
8/12/2009,947.25
8/11/2009,942.75
8/10/2009,945.0
8/7/2009,956.0
8/6/2009,964.0
8/5/2009,960.5
8/4/2009,960.5
8/3/2009,959.75
7/31/2009,939.0
7/30/2009,932.5
7/29/2009,931.0
7/28/2009,944.25
7/27/2009,955.0
7/24/2009,951.5
7/23/2009,950.0
7/22/2009,948.25
7/21/2009,947.75
7/20/2009,952.75
7/17/2009,937.5
7/16/2009,935.0
7/15/2009,938.0
7/14/2009,924.75
7/13/2009,908.5
7/10/2009,913.0
7/9/2009,911.75
7/8/2009,918.0
7/7/2009,924.0
7/6/2009,924.5
7/2/2009,929.5
7/1/2009,938.25
6/30/2009,934.5
6/29/2009,935.5
6/26/2009,942.0
6/25/2009,937.25
6/24/2009,933.5
6/23/2009,920.75
6/22/2009,919.25
6/19/2009,935.25
6/18/2009,940.5
6/17/2009,930.5
6/16/2009,934.0
6/15/2009,932.25
6/12/2009,937.25
6/11/2009,947.5
6/10/2009,953.75
6/9/2009,956.0
6/8/2009,943.75
6/5/2009,962.0
6/4/2009,970.75
6/3/2009,976.75
6/2/2009,980.0
6/1/2009,981.75
5/29/2009,975.5
5/28/2009,957.75
5/27/2009,951.0
5/26/2009,945.0
5/22/2009,959.75
5/21/2009,937.5
5/20/2009,939.5
5/19/2009,924.75
5/18/2009,921.0
5/15/2009,929.5
5/14/2009,925.25
5/13/2009,924.0
5/12/2009,917.0
5/11/2009,913.0
5/8/2009,907.0
5/7/2009,912.25
5/6/2009,910.0
5/5/2009,910.0
5/4/2009,884.5
5/1/2009,884.5
4/30/2009,883.25
4/29/2009,898.25
4/28/2009,891.0
4/27/2009,907.5
4/24/2009,907.5
4/23/2009,897.5
4/22/2009,886.0
4/21/2009,888.75
4/20/2009,877.0
4/17/2009,870.5
4/16/2009,880.5
4/15/2009,891.0
4/14/2009,887.5
4/13/2009,880.5
4/9/2009,880.5
4/8/2009,880.0
4/7/2009,879.75
4/6/2009,870.25
4/3/2009,905.0
4/2/2009,897.75
4/1/2009,924.5
3/31/2009,916.5
3/30/2009,928.0
3/27/2009,924.0
3/26/2009,938.25
3/25/2009,929.0
3/24/2009,923.75
3/23/2009,949.25
3/20/2009,954.0
3/19/2009,956.5
3/18/2009,893.25
3/17/2009,915.5
3/16/2009,919.5
3/13/2009,928.0
3/12/2009,925.25
3/11/2009,899.5
3/10/2009,901.5
3/9/2009,923.75
3/6/2009,936.0
3/5/2009,913.0
3/4/2009,908.5
3/3/2009,913.75
3/2/2009,937.25
2/27/2009,952.0
2/26/2009,936.5
2/25/2009,978.5
2/24/2009,984.25
2/23/2009,985.75
2/20/2009,989.0
2/19/2009,980.5
2/18/2009,964.0
2/17/2009,968.0
2/13/2009,935.5
2/12/2009,943.25
2/11/2009,938.0
2/10/2009,909.75
2/9/2009,895.0
2/6/2009,913.0
2/5/2009,920.0
2/4/2009,905.0
2/3/2009,904.5
2/2/2009,918.25
1/30/2009,919.5
1/29/2009,892.25
1/28/2009,895.25
1/27/2009,897.5
1/26/2009,910.25
1/23/2009,875.75
1/22/2009,860.0
1/21/2009,849.25
1/20/2009,853.25
1/16/2009,833.75
1/15/2009,810.0
1/14/2009,821.5
1/13/2009,826.5
1/12/2009,827.0
1/9/2009,847.25
1/8/2009,855.75
1/7/2009,848.5
1/6/2009,848.25
1/5/2009,853.5
1/2/2009,874.5
12/31/2008,869.75
12/30/2008,869.75
12/29/2008,880.25
12/26/2008,843.5
12/24/2008,843.5
12/23/2008,843.5
12/22/2008,849.0
12/19/2008,835.75
12/18/2008,855.25
12/17/2008,870.0
12/16/2008,838.25
12/15/2008,826.0
12/12/2008,826.5
12/11/2008,827.75
12/10/2008,802.25
12/9/2008,767.75
12/8/2008,767.25
12/5/2008,749.0
12/4/2008,773.25
12/3/2008,766.25
12/2/2008,780.0
12/1/2008,778.0
11/28/2008,814.5
11/26/2008,812.5
11/25/2008,820.5
11/24/2008,822.5
11/21/2008,774.5
11/20/2008,738.0
11/19/2008,762.0
11/18/2008,738.0
11/17/2008,734.0
11/14/2008,747.5
11/13/2008,713.5
11/12/2008,724.75
11/11/2008,733.75
11/10/2008,753.0
11/7/2008,735.25
11/6/2008,754.5
11/5/2008,753.75
11/4/2008,741.25
11/3/2008,729.5
10/31/2008,730.75
10/30/2008,755.25
10/29/2008,764.0
10/28/2008,730.5
10/27/2008,730.5
10/24/2008,712.5
10/23/2008,720.0
10/22/2008,744.0
10/21/2008,772.0
10/20/2008,795.0
10/17/2008,784.5
10/16/2008,802.5
10/15/2008,847.0
10/14/2008,832.5
10/13/2008,831.5
10/10/2008,900.5
10/9/2008,883.5
10/8/2008,903.5
10/7/2008,876.75
10/6/2008,875.5
10/3/2008,828.0
10/2/2008,852.0
10/1/2008,880.0
9/30/2008,884.5
9/29/2008,905.0
9/26/2008,902.0
9/25/2008,888.5
9/24/2008,896.0
9/23/2008,899.0
9/22/2008,889.0
9/19/2008,869.0
9/18/2008,863.0
9/17/2008,813.0
9/16/2008,779.5
9/15/2008,775.0
9/12/2008,750.25
9/11/2008,740.75
9/10/2008,775.75
9/9/2008,781.75
9/8/2008,808.0
9/5/2008,808.5
9/4/2008,805.75
9/3/2008,803.5
9/2/2008,798.5
8/29/2008,833.0
8/28/2008,838.25
8/27/2008,827.0
8/26/2008,827.0
8/25/2008,824.0
8/22/2008,824.0
8/21/2008,833.5
8/20/2008,815.75
8/19/2008,788.75
8/18/2008,796.25
8/15/2008,786.5
8/14/2008,818.0
8/13/2008,818.5
8/12/2008,817.75
8/11/2008,852.5
8/8/2008,852.5
8/7/2008,871.5
8/6/2008,879.5
8/5/2008,882.0
8/4/2008,905.75
8/1/2008,912.5
7/31/2008,918.0
7/30/2008,897.5
7/29/2008,916.75
7/28/2008,923.5
7/25/2008,920.5
7/24/2008,928.0
7/23/2008,926.5
7/22/2008,961.5
7/21/2008,960.5
7/18/2008,959.75
7/17/2008,965.5
7/16/2008,977.5
7/15/2008,986.0
7/14/2008,968.0
7/11/2008,962.75
7/10/2008,939.5
7/9/2008,927.25
7/8/2008,921.0
7/7/2008,916.75
7/3/2008,934.0
7/2/2008,935.25
7/1/2008,937.5
6/30/2008,930.25
6/27/2008,919.5
6/26/2008,909.5
6/25/2008,882.75
6/24/2008,889.5
6/23/2008,881.0
6/20/2008,907.5
6/19/2008,903.0
6/18/2008,887.5
6/17/2008,881.5
6/16/2008,888.25
6/13/2008,866.0
6/12/2008,862.25
6/11/2008,876.25
6/10/2008,878.0
6/9/2008,896.25
6/6/2008,890.5
6/5/2008,878.75
6/4/2008,883.5
6/3/2008,879.25
6/2/2008,888.25
5/30/2008,885.75
5/29/2008,883.0
5/28/2008,902.5
5/27/2008,906.75
5/23/2008,927.5
5/22/2008,922.75
5/21/2008,923.0
5/20/2008,914.5
5/19/2008,906.5
5/16/2008,897.0
5/15/2008,881.25
5/14/2008,866.5
5/13/2008,865.0
5/12/2008,883.5
5/9/2008,876.0
5/8/2008,877.0
5/7/2008,868.25
5/6/2008,880.0
5/5/2008,853.5
5/2/2008,853.5
5/1/2008,853.0
4/30/2008,871.0
4/29/2008,880.0
4/28/2008,890.5
4/25/2008,891.5
4/24/2008,895.5
4/23/2008,898.5
4/22/2008,918.0
4/21/2008,918.5
4/18/2008,908.75
4/17/2008,946.0
4/16/2008,945.0
4/15/2008,929.75
4/14/2008,926.5
4/11/2008,927.75
4/10/2008,928.0
4/9/2008,917.0
4/8/2008,915.0
4/7/2008,926.5
4/4/2008,905.5
4/3/2008,896.5
4/2/2008,890.0
4/1/2008,887.75
3/31/2008,933.5
3/28/2008,934.25
3/27/2008,946.75
3/26/2008,946.75
3/25/2008,926.75
3/24/2008,925.75
3/20/2008,925.75
3/19/2008,958.5
3/18/2008,1006.75
3/17/2008,1011.25
3/14/2008,1003.5
3/13/2008,995.0
3/12/2008,975.5
3/11/2008,970.0
3/10/2008,969.25
3/7/2008,972.5
3/6/2008,976.5
3/5/2008,974.5
3/4/2008,984.75
3/3/2008,988.5
2/29/2008,971.5
2/28/2008,959.75
2/27/2008,959.5
2/26/2008,937.0
2/25/2008,937.75
2/22/2008,943.0
2/21/2008,945.0
2/20/2008,920.0
2/19/2008,924.0
2/15/2008,912.5
2/14/2008,906.0
2/13/2008,899.0
2/12/2008,917.0
2/11/2008,918.0
2/8/2008,916.25
2/7/2008,899.75
2/6/2008,903.0
2/5/2008,887.5
2/4/2008,893.75
2/1/2008,914.75
1/31/2008,923.25
1/30/2008,919.0
1/29/2008,924.5
1/28/2008,921.75
1/25/2008,918.25
1/24/2008,909.25
1/23/2008,888.25
1/22/2008,875.0
1/18/2008,882.0
1/17/2008,888.25
1/16/2008,889.75
1/15/2008,913.0
1/14/2008,902.0
1/11/2008,891.0
1/10/2008,884.25
1/9/2008,877.0
1/8/2008,873.5
1/7/2008,859.25
1/4/2008,855.0
1/3/2008,858.85
1/2/2008,846.75
12/31/2007,833.75
12/28/2007,833.75
12/27/2007,829.0
12/26/2007,810.5
12/24/2007,810.5
12/21/2007,810.5
12/20/2007,795.25
12/19/2007,799.75
12/18/2007,804.25
12/17/2007,790.75
12/14/2007,789.5
12/13/2007,800.7
12/12/2007,814.0
12/11/2007,808.75
12/10/2007,809.5
12/7/2007,792.5
12/6/2007,801.5
12/5/2007,793.0
12/4/2007,797.5
12/3/2007,784.25
11/30/2007,783.5
11/29/2007,794.5
11/28/2007,801.75
11/27/2007,810.75
11/26/2007,830.0
11/23/2007,815.25
11/21/2007,798.0
11/20/2007,795.5
11/19/2007,778.85
11/16/2007,789.75
11/15/2007,794.0
11/14/2007,813.5
11/13/2007,804.25
11/12/2007,803.5
11/9/2007,831.5
11/8/2007,841.1
11/7/2007,834.5
11/6/2007,822.5
11/5/2007,804.75
11/2/2007,796.5
11/1/2007,790.25
10/31/2007,789.5
10/30/2007,783.25
10/29/2007,788.5
10/26/2007,779.15
10/25/2007,767.5
10/24/2007,757.5
10/23/2007,758.25
10/22/2007,751.25
10/19/2007,763.0
10/18/2007,764.15
10/17/2007,762.5
10/16/2007,756.75
10/15/2007,758.85
10/12/2007,749.5
10/11/2007,749.0
10/10/2007,741.25
10/9/2007,736.0
10/8/2007,733.75
10/5/2007,737.0
10/4/2007,725.5
10/3/2007,730.25
10/2/2007,731.0
10/1/2007,742.5
9/28/2007,743.0
9/27/2007,731.75
9/26/2007,734.75
9/25/2007,728.5
9/24/2007,730.0
9/21/2007,737.0
9/20/2007,734.5
9/19/2007,725.15
9/18/2007,714.75
9/17/2007,719.0
9/14/2007,716.35
9/13/2007,704.5
9/12/2007,706.0
9/11/2007,704.15
9/10/2007,703.5
9/7/2007,701.0
9/6/2007,688.15
9/5/2007,680.25
9/4/2007,678.75
8/31/2007,672.0
8/30/2007,666.0
8/29/2007,664.25
8/28/2007,666.0
8/27/2007,660.85
8/24/2007,660.85
8/23/2007,660.75
8/22/2007,659.5
8/21/2007,657.5
8/20/2007,659.5
8/17/2007,657.5
8/16/2007,662.25
8/15/2007,667.25
8/14/2007,668.35
8/13/2007,668.75
8/10/2007,668.5
8/9/2007,662.6
8/8/2007,675.5
8/7/2007,668.0
8/6/2007,671.5
8/3/2007,670.5
8/2/2007,666.25
8/1/2007,665.75
7/31/2007,665.5
7/30/2007,661.5
7/27/2007,660.5
7/26/2007,670.0
7/25/2007,674.75
7/24/2007,684.3
7/23/2007,682.0
7/20/2007,681.6
7/19/2007,674.5
7/18/2007,666.75
7/17/2007,666.5
7/16/2007,666.0
7/13/2007,666.5
7/12/2007,667.25
7/11/2007,663.0
7/10/2007,661.7
7/9/2007,661.25
7/6/2007,648.75
7/5/2007,651.0
7/3/2007,654.25
7/2/2007,654.75
6/29/2007,650.5
6/28/2007,647.25
6/27/2007,642.1
6/26/2007,647.0
6/25/2007,650.75
6/22/2007,652.85
6/21/2007,650.5
6/20/2007,657.7
6/19/2007,656.3
6/18/2007,656.0
6/15/2007,653.1
6/14/2007,653.25
6/13/2007,647.65
6/12/2007,647.25
6/11/2007,650.3
6/8/2007,655.25
6/7/2007,668.75
6/6/2007,669.7
6/5/2007,671.5
6/4/2007,671.1
6/1/2007,666.5
5/31/2007,659.1
5/30/2007,652.65
5/29/2007,660.15
5/25/2007,655.3
5/24/2007,659.0
5/23/2007,662.05
5/22/2007,662.0
5/21/2007,658.0
5/18/2007,657.0
5/17/2007,656.75
5/16/2007,667.75
5/15/2007,668.25
5/14/2007,670.2
5/11/2007,669.0
5/10/2007,673.5
5/9/2007,683.0
5/8/2007,684.25
5/7/2007,688.8
5/4/2007,688.8
5/3/2007,674.2
5/2/2007,669.5
5/1/2007,673.6
4/30/2007,677.0
4/27/2007,677.5
4/26/2007,673.0
4/25/2007,684.0
4/24/2007,688.4
4/23/2007,688.7
4/20/2007,691.4
4/19/2007,681.9
4/18/2007,688.75
4/17/2007,688.0
4/16/2007,686.5
4/13/2007,681.75
4/12/2007,677.25
4/11/2007,678.2
4/10/2007,677.4
4/9/2007,673.5
4/5/2007,673.5
4/4/2007,672.25
4/3/2007,664.25
4/2/2007,658.25
3/30/2007,661.75
3/29/2007,661.0
3/28/2007,666.75
3/27/2007,664.0
3/26/2007,663.0
3/23/2007,656.25
3/22/2007,663.0
3/21/2007,658.75
3/20/2007,659.0
3/19/2007,655.0
3/16/2007,653.2
3/15/2007,648.5
3/14/2007,643.25
3/13/2007,650.8
3/12/2007,647.75
3/9/2007,652.25
3/8/2007,654.25
3/7/2007,646.4
3/6/2007,643.75
3/5/2007,636.75
3/2/2007,651.9
3/1/2007,670.4
2/28/2007,664.2
2/27/2007,676.2
2/26/2007,685.75
2/23/2007,683.0
2/22/2007,676.6
2/21/2007,661.25
2/20/2007,663.9
2/16/2007,665.1
2/15/2007,664.75
2/14/2007,668.25
2/13/2007,667.8
2/12/2007,664.55
2/9/2007,664.5
2/8/2007,656.0
2/7/2007,653.75
2/6/2007,653.25
2/5/2007,649.4
2/2/2007,645.7
2/1/2007,660.2
1/31/2007,650.5
1/30/2007,645.2
1/29/2007,644.75
1/26/2007,645.5
1/25/2007,651.75
1/24/2007,642.1
1/23/2007,642.5
1/22/2007,639.0
1/19/2007,629.0
1/18/2007,635.0
1/17/2007,626.5
1/16/2007,627.05
1/12/2007,619.75
1/11/2007,612.0
1/10/2007,608.4
1/9/2007,609.6
1/8/2007,609.5
1/5/2007,609.5
1/4/2007,628.7
1/3/2007,642.6
12/29/2006,632.0
12/28/2006,632.0
12/27/2006,628.5
12/26/2006,620.5
12/22/2006,620.5
12/21/2006,620.5
12/20/2006,619.25
12/19/2006,620.5
12/18/2006,614.0
12/15/2006,623.75
12/14/2006,627.4
12/13/2006,624.0
12/12/2006,628.0
12/11/2006,626.75
12/8/2006,637.4
12/7/2006,627.75
12/6/2006,636.0
12/5/2006,645.9
12/4/2006,646.0
12/1/2006,648.75
11/30/2006,646.7
11/29/2006,637.5
11/28/2006,637.0
11/27/2006,638.75
11/24/2006,639.5
11/22/2006,631.8
11/21/2006,624.5
11/20/2006,625.5
11/17/2006,620.5
11/16/2006,624.75
11/15/2006,617.75
11/14/2006,627.0
11/13/2006,623.5
11/10/2006,629.3
11/9/2006,625.25
11/8/2006,623.2
11/7/2006,625.75
11/6/2006,626.1
11/3/2006,622.75
11/2/2006,620.75
11/1/2006,614.1
10/31/2006,603.75
10/30/2006,608.5
10/27/2006,596.25
10/26/2006,596.25
10/25/2006,580.75
10/24/2006,575.6
10/23/2006,582.75
10/20/2006,596.6
10/19/2006,597.25
10/18/2006,594.0
10/17/2006,590.0
10/16/2006,595.1
10/13/2006,586.1
10/12/2006,573.0
10/11/2006,574.1
10/10/2006,571.4
10/9/2006,575.25
10/6/2006,560.75
10/5/2006,573.3
10/4/2006,573.6
10/3/2006,582.25
10/2/2006,600.6
9/29/2006,599.25
9/28/2006,603.0
9/27/2006,593.75
9/26/2006,591.0
9/25/2006,584.75
9/22/2006,589.0
9/21/2006,578.75
9/20/2006,580.25
9/19/2006,583.5
9/18/2006,580.5
9/15/2006,573.6
9/14/2006,584.4
9/13/2006,589.0
9/12/2006,590.7
9/11/2006,588.0
9/8/2006,610.0
9/7/2006,621.5
9/6/2006,635.4
9/5/2006,637.75
9/1/2006,621.05
8/31/2006,623.5
8/30/2006,617.75
8/29/2006,613.4
8/28/2006,621.25
8/25/2006,621.25
8/24/2006,623.75
8/23/2006,628.1
8/22/2006,622.75
8/21/2006,625.0
8/18/2006,613.9
8/17/2006,625.5
8/16/2006,629.75
8/15/2006,625.5
8/14/2006,624.6
8/11/2006,644.5
8/10/2006,644.75
8/9/2006,649.0
8/8/2006,646.0
8/7/2006,649.75
8/4/2006,652.25
8/3/2006,644.4
8/2/2006,654.4
8/1/2006,637.25
7/31/2006,632.5
7/28/2006,637.1
7/27/2006,639.0
7/26/2006,614.3
7/25/2006,618.75
7/24/2006,605.7
7/21/2006,634.0
7/20/2006,642.5
7/19/2006,641.6
7/18/2006,645.0
7/17/2006,652.5
7/14/2006,663.25
7/13/2006,649.5
7/12/2006,650.0
7/11/2006,630.75
7/10/2006,626.0
7/7/2006,631.5
7/6/2006,626.0
7/5/2006,623.0
7/3/2006,622.95
6/30/2006,613.5
6/29/2006,589.25
6/28/2006,582.75
6/27/2006,588.75
6/26/2006,583.5
6/23/2006,579.6
6/22/2006,584.5
6/21/2006,574.6
6/20/2006,567.0
6/19/2006,571.0
6/16/2006,574.0
6/15/2006,569.5
6/14/2006,567.75
6/13/2006,586.5
6/12/2006,609.2
6/9/2006,616.0
6/8/2006,614.0
6/7/2006,617.75
6/6/2006,627.0
6/5/2006,641.8
6/2/2006,632.25
6/1/2006,625.0
5/31/2006,653.0
5/30/2006,660.5
5/26/2006,642.25
5/25/2006,642.5
5/24/2006,648.5
5/23/2006,666.75
5/22/2006,652.5
5/19/2006,651.5
5/18/2006,693.5
5/17/2006,699.5
5/16/2006,692.0
5/15/2006,687.5
5/12/2006,725.0
5/11/2006,715.5
5/10/2006,699.9
5/9/2006,691.25
5/8/2006,675.5
5/5/2006,678.0
5/4/2006,673.5
5/3/2006,673.6
5/2/2006,661.0
5/1/2006,644.0
4/28/2006,644.0
4/27/2006,638.0
4/26/2006,635.5
4/25/2006,634.75
4/24/2006,622.5
4/21/2006,623.5
4/20/2006,625.0
4/19/2006,624.75
4/18/2006,614.75
4/17/2006,593.0
4/13/2006,593.0
4/12/2006,597.25
4/11/2006,597.75
4/10/2006,597.25
4/7/2006,589.75
4/6/2006,592.5
4/5/2006,586.5
4/4/2006,588.0
4/3/2006,587.0
3/31/2006,582.0
3/30/2006,584.0
3/29/2006,565.0
3/28/2006,567.5
3/27/2006,565.0
3/24/2006,556.75
3/23/2006,546.5
3/22/2006,550.75
3/21/2006,547.5
3/20/2006,555.75
3/17/2006,552.75
3/16/2006,552.75
3/15/2006,556.5
3/14/2006,545.8
3/13/2006,543.5
3/10/2006,535.0
3/9/2006,550.1
3/8/2006,544.75
3/7/2006,553.0
3/6/2006,565.25
3/3/2006,565.0
3/2/2006,563.75
3/1/2006,564.25
2/28/2006,556.0
2/27/2006,553.25
2/24/2006,554.15
2/23/2006,551.2
2/22/2006,553.0
2/21/2006,554.0
2/17/2006,551.7
2/16/2006,538.75
2/15/2006,540.5
2/14/2006,539.7
2/13/2006,549.3
2/10/2006,557.0
2/9/2006,560.25
2/8/2006,548.75
2/7/2006,558.7
2/6/2006,569.75
2/3/2006,569.0
2/2/2006,572.15
2/1/2006,568.25
1/31/2006,568.75
1/30/2006,565.0
1/27/2006,561.75
1/26/2006,556.5
1/25/2006,561.75
1/24/2006,557.25
1/23/2006,554.5
1/20/2006,567.25
1/19/2006,554.75
1/18/2006,545.0
1/17/2006,553.25
1/13/2006,548.25
1/12/2006,542.5
1/11/2006,544.4
1/10/2006,543.5
1/9/2006,541.5
1/6/2006,535.25
1/5/2006,524.75
1/4/2006,529.5
1/3/2006,530.0
12/30/2005,513.0
12/29/2005,513.0
12/28/2005,518.0
12/27/2005,500.0
12/23/2005,500.0
12/22/2005,500.0
12/21/2005,489.0
12/20/2005,502.5
12/19/2005,508.75
12/16/2005,507.0
12/15/2005,506.25
12/14/2005,509.5
12/13/2005,522.5
12/12/2005,536.5
12/9/2005,525.5
12/8/2005,515.7
12/7/2005,515.4
12/6/2005,504.25
12/5/2005,505.65
12/2/2005,502.5
12/1/2005,499.75
11/30/2005,495.65
11/29/2005,496.0
11/28/2005,496.0
11/25/2005,495.9
11/23/2005,487.6
11/22/2005,492.6
11/21/2005,488.95
11/18/2005,485.85
11/17/2005,486.15
11/16/2005,475.75
11/15/2005,468.25
11/14/2005,467.5
11/11/2005,466.75
11/10/2005,467.0
11/9/2005,462.55
11/8/2005,461.6
11/7/2005,456.5
11/4/2005,460.5
11/3/2005,461.85
11/2/2005,460.8
11/1/2005,459.5
10/31/2005,470.75
10/28/2005,470.75
10/27/2005,474.4
10/26/2005,473.2
10/25/2005,472.25
10/24/2005,466.1
10/21/2005,462.85
10/20/2005,464.3
10/19/2005,465.9
10/18/2005,472.0
10/17/2005,474.5
10/14/2005,466.0
10/13/2005,469.5
10/12/2005,475.1
10/11/2005,475.5
10/10/2005,473.2
10/7/2005,472.7
10/6/2005,471.8
10/5/2005,463.5
10/4/2005,467.45
10/3/2005,466.1
9/30/2005,473.25
9/29/2005,472.4
9/28/2005,464.0
9/27/2005,464.1
9/26/2005,461.7
9/23/2005,462.65
9/22/2005,466.25
9/21/2005,469.1
9/20/2005,464.8
9/19/2005,464.5
9/16/2005,457.2
9/15/2005,454.8
9/14/2005,449.3
9/13/2005,445.4
9/12/2005,448.35
9/9/2005,448.25
9/8/2005,448.55
9/7/2005,445.05
9/6/2005,444.15
9/2/2005,443.6
9/1/2005,439.6
8/31/2005,433.25
8/30/2005,430.65
8/29/2005,436.75
8/26/2005,436.75
8/25/2005,438.85
8/24/2005,440.0
8/23/2005,439.35
8/22/2005,439.65
8/19/2005,439.65
8/18/2005,439.65
8/17/2005,442.0
8/16/2005,443.0
8/15/2005,443.5
8/12/2005,447.25
8/11/2005,440.75
8/10/2005,436.55
8/9/2005,433.3
8/8/2005,436.2
8/5/2005,438.25
8/4/2005,438.6
8/3/2005,434.6
8/2/2005,431.0
8/1/2005,431.65
7/29/2005,429.0
7/28/2005,426.4
7/27/2005,424.0
7/26/2005,423.25
7/25/2005,425.4
7/22/2005,425.0
7/21/2005,424.25
7/20/2005,422.15
7/19/2005,419.25
7/18/2005,420.9
7/15/2005,418.35
7/14/2005,424.3
7/13/2005,424.5
7/12/2005,426.25
7/11/2005,424.2
7/8/2005,424.4
7/7/2005,425.2
7/6/2005,423.5
7/5/2005,423.75
7/1/2005,432.6
6/30/2005,437.1
6/29/2005,435.8
6/28/2005,437.0
6/27/2005,439.3
6/24/2005,440.55
6/23/2005,439.15
6/22/2005,437.0
6/21/2005,435.2
6/20/2005,439.35
6/17/2005,437.5
6/16/2005,433.0
6/15/2005,428.7
6/14/2005,426.85
6/13/2005,429.1
6/10/2005,422.55
6/9/2005,422.5
6/8/2005,424.55
6/7/2005,424.1
6/6/2005,425.85
6/3/2005,423.55
6/2/2005,420.4
6/1/2005,415.35
5/31/2005,414.45
5/27/2005,418.25
5/26/2005,418.0
5/25/2005,418.4
5/24/2005,418.3
5/23/2005,418.0
5/20/2005,418.0
5/19/2005,420.8
5/18/2005,419.75
5/17/2005,420.0
5/16/2005,419.25
5/13/2005,420.0
5/12/2005,424.25
5/11/2005,426.1
5/10/2005,427.4
5/9/2005,425.5
5/6/2005,425.15
5/5/2005,429.15
5/4/2005,428.8
5/3/2005,427.9
5/2/2005,435.7
4/29/2005,435.7
4/28/2005,432.5
4/27/2005,434.35
4/26/2005,437.0
4/25/2005,432.9
4/22/2005,434.6
4/21/2005,434.0
4/20/2005,433.2
4/19/2005,427.45
4/18/2005,425.75
4/15/2005,424.6
4/14/2005,423.45
4/13/2005,427.5
4/12/2005,427.3
4/11/2005,429.0
4/8/2005,425.2
4/7/2005,428.0
4/6/2005,425.75
4/5/2005,424.6
4/4/2005,423.9
4/1/2005,427.15
3/31/2005,427.5
3/30/2005,426.45
3/29/2005,426.1
3/28/2005,425.15
3/24/2005,425.15
3/23/2005,426.15
3/22/2005,432.15
3/21/2005,432.7
3/18/2005,437.15
3/17/2005,438.6
3/16/2005,443.0
3/15/2005,440.65
3/14/2005,441.95
3/11/2005,443.7
3/10/2005,440.9
3/9/2005,439.5
3/8/2005,437.25
3/7/2005,433.0
3/4/2005,433.45
3/3/2005,430.2
3/2/2005,431.75
3/1/2005,433.45
2/28/2005,435.45
2/25/2005,434.25
2/24/2005,433.75
2/23/2005,432.6
2/22/2005,432.85
2/18/2005,427.1
2/17/2005,426.25
2/16/2005,423.1
2/15/2005,424.4
2/14/2005,424.2
2/11/2005,418.85
2/10/2005,415.5
2/9/2005,411.15
2/8/2005,411.1
2/7/2005,414.4
2/4/2005,415.9
2/3/2005,416.5
2/2/2005,421.6
2/1/2005,420.9
1/31/2005,422.15
1/28/2005,426.8
1/27/2005,424.5
1/26/2005,425.8
1/25/2005,424.5
1/24/2005,427.35
1/21/2005,423.3
1/20/2005,422.9
1/19/2005,424.95
1/18/2005,421.75
1/14/2005,422.5
1/13/2005,423.6
1/12/2005,426.6
1/11/2005,421.35
1/10/2005,420.0
1/7/2005,422.2
1/6/2005,424.35
1/5/2005,426.0
1/4/2005,427.75
1/3/2005,435.6
12/31/2004,435.6
12/30/2004,435.6
12/29/2004,440.25
12/28/2004,441.1
12/27/2004,441.1
12/23/2004,441.1
12/22/2004,441.0
12/21/2004,440.95
12/20/2004,442.45
12/17/2004,438.9
12/16/2004,439.5
12/15/2004,439.0
12/14/2004,437.1
12/13/2004,435.1
12/10/2004,434.0
12/9/2004,437.1
12/8/2004,436.9
12/7/2004,451.8
12/6/2004,453.05
12/3/2004,448.65
12/2/2004,454.2
12/1/2004,452.85
11/30/2004,453.4
11/29/2004,451.25
11/26/2004,451.0
11/24/2004,448.6
11/23/2004,448.15
11/22/2004,447.8
11/19/2004,445.6
11/18/2004,442.0
11/17/2004,443.45
11/16/2004,439.4
11/15/2004,437.6
11/12/2004,436.05
11/11/2004,433.8
11/10/2004,433.4
11/9/2004,433.65
11/8/2004,431.9
11/5/2004,431.0
11/4/2004,430.5
11/3/2004,423.5
11/2/2004,424.2
11/1/2004,428.85
10/29/2004,425.55
10/28/2004,424.2
10/27/2004,428.25
10/26/2004,427.5
10/25/2004,429.15
10/22/2004,422.8
10/21/2004,422.5
10/20/2004,423.6
10/19/2004,419.35
10/18/2004,419.1
10/15/2004,420.4
10/14/2004,415.35
10/13/2004,411.25
10/12/2004,414.7
10/11/2004,421.7
10/8/2004,421.75
10/7/2004,418.1
10/6/2004,418.45
10/5/2004,415.4
10/4/2004,412.55
10/1/2004,418.1
9/30/2004,415.65
9/29/2004,412.95
9/28/2004,411.7
9/27/2004,409.2
9/24/2004,407.85
9/23/2004,411.5
9/22/2004,405.35
9/21/2004,408.5
9/20/2004,404.3
9/17/2004,405.7
9/16/2004,403.4
9/15/2004,404.45
9/14/2004,405.25
9/13/2004,399.3
9/10/2004,401.35
9/9/2004,398.7
9/8/2004,396.3
9/7/2004,398.1
9/3/2004,401.15
9/2/2004,406.1
9/1/2004,407.65
8/31/2004,407.25
8/30/2004,405.1
8/27/2004,405.1
8/26/2004,406.05
8/25/2004,406.0
8/24/2004,406.2
8/23/2004,410.6
8/20/2004,410.55
8/19/2004,406.5
8/18/2004,402.45
8/17/2004,401.3
8/16/2004,401.65
8/13/2004,396.75
8/12/2004,394.15
8/11/2004,393.85
8/10/2004,399.5
8/9/2004,399.0
8/6/2004,399.0
8/5/2004,390.85
8/4/2004,391.5
8/3/2004,390.95
8/2/2004,391.5
7/30/2004,391.4
7/29/2004,387.3
7/28/2004,387.3
7/27/2004,389.85
7/26/2004,390.75
7/23/2004,391.5
7/22/2004,397.75
7/21/2004,398.5
7/20/2004,400.0
7/19/2004,406.35
7/16/2004,406.3
7/15/2004,403.15
7/14/2004,403.8
7/13/2004,400.9
7/12/2004,406.35
7/9/2004,406.5
7/8/2004,405.35
7/7/2004,399.65
7/6/2004,394.5
7/2/2004,397.75
7/1/2004,394.8
6/30/2004,395.8
6/29/2004,394.4
6/28/2004,404.25
6/25/2004,401.5
6/24/2004,400.0
6/23/2004,393.9
6/22/2004,395.75
6/21/2004,395.25
6/18/2004,395.1
6/17/2004,386.1
6/16/2004,385.25
6/15/2004,386.5
6/14/2004,385.1
6/10/2004,384.95
6/9/2004,386.85
6/8/2004,392.35
6/7/2004,393.6
6/4/2004,388.3
6/3/2004,390.35
6/2/2004,394.85
6/1/2004,397.2
5/28/2004,393.25
5/27/2004,393.6
5/26/2004,389.65
5/25/2004,388.9
5/24/2004,384.0
5/21/2004,385.3
5/20/2004,379.5
5/19/2004,380.75
5/18/2004,377.7
5/17/2004,382.95
5/14/2004,376.5
5/13/2004,375.15
5/12/2004,382.2
5/11/2004,375.25
5/10/2004,375.0
5/7/2004,380.8
5/6/2004,387.5
5/5/2004,392.55
5/4/2004,391.25
5/3/2004,388.5
4/30/2004,388.5
4/29/2004,386.0
4/28/2004,392.25
4/27/2004,396.25
4/26/2004,397.0
4/23/2004,394.5
4/22/2004,392.3
4/21/2004,392.75
4/20/2004,396.85
4/19/2004,403.1
4/16/2004,400.85
4/15/2004,398.25
4/14/2004,397.75
4/13/2004,407.9
4/12/2004,419.5
4/8/2004,419.5
4/7/2004,419.0
4/6/2004,418.5
4/5/2004,417.7
4/2/2004,419.0
4/1/2004,427.25
3/31/2004,423.7
3/30/2004,420.0
3/29/2004,421.25
3/26/2004,421.5
3/25/2004,416.1
3/24/2004,415.25
3/23/2004,416.25
3/22/2004,417.65
3/19/2004,412.0
3/18/2004,410.75
3/17/2004,402.75
3/16/2004,402.5
3/15/2004,398.1
3/12/2004,398.0
3/11/2004,398.45
3/10/2004,400.25
3/9/2004,401.5
3/8/2004,399.85
3/5/2004,399.25
3/4/2004,392.0
3/3/2004,390.5
3/2/2004,395.75
3/1/2004,400.0
2/27/2004,395.85
2/26/2004,393.25
2/25/2004,400.25
2/24/2004,402.25
2/23/2004,399.5
2/20/2004,405.25
2/19/2004,409.8
2/18/2004,414.5
2/17/2004,414.5
2/13/2004,416.0
2/12/2004,411.6
2/11/2004,405.75
2/10/2004,408.55
2/9/2004,405.95
2/6/2004,404.25
2/5/2004,399.55
2/4/2004,399.25
2/3/2004,401.45
2/2/2004,398.35
1/30/2004,399.75
1/29/2004,405.7
1/28/2004,411.0
1/27/2004,405.7
1/26/2004,408.2
1/23/2004,409.0
1/22/2004,409.25
1/21/2004,407.6
1/20/2004,409.25
1/16/2004,408.4
1/15/2004,412.5
1/14/2004,419.5
1/13/2004,425.5
1/12/2004,425.25
1/9/2004,423.35
1/8/2004,421.0
1/7/2004,421.75
1/6/2004,424.4
1/5/2004,420.6
1/2/2004,415.25
12/31/2003,416.25
12/30/2003,416.25
12/29/2003,412.0
12/26/2003,409.25
12/24/2003,409.25
12/23/2003,409.25
12/22/2003,410.45
12/19/2003,409.75
12/18/2003,407.5
12/17/2003,408.25
12/16/2003,408.0
12/15/2003,407.5
12/12/2003,407.1
12/11/2003,404.1
12/10/2003,410.0
12/9/2003,407.75
12/8/2003,406.15
12/5/2003,402.4
12/4/2003,402.25
12/3/2003,401.8
12/2/2003,401.35
12/1/2003,400.25
11/28/2003,398.35
11/26/2003,396.0
11/25/2003,391.75
11/24/2003,391.9
11/21/2003,395.5
11/20/2003,394.3
11/19/2003,395.15
11/18/2003,393.9
11/17/2003,393.7
11/14/2003,396.7
11/13/2003,395.4
11/12/2003,389.7
11/11/2003,387.8
11/10/2003,383.5
11/7/2003,378.95
11/6/2003,380.25
11/5/2003,378.75
11/4/2003,377.9
11/3/2003,383.25
10/31/2003,386.25
10/30/2003,386.5
10/29/2003,385.4
10/28/2003,384.4
10/27/2003,386.0
10/24/2003,388.25
10/23/2003,384.5
10/22/2003,384.75
10/21/2003,378.2
10/20/2003,373.8
10/17/2003,370.5
10/16/2003,373.4
10/15/2003,373.5
10/14/2003,373.95
10/13/2003,370.25
10/10/2003,372.3
10/9/2003,370.6
10/8/2003,375.25
10/7/2003,376.1
10/6/2003,371.3
10/3/2003,384.25
10/2/2003,382.2
10/1/2003,383.5
9/30/2003,388.0
9/29/2003,381.95
9/26/2003,382.7
9/25/2003,390.7
9/24/2003,385.0
9/23/2003,384.6
9/22/2003,385.5
9/19/2003,379.75
9/18/2003,378.3
9/17/2003,374.25
9/16/2003,374.6
9/15/2003,373.5
9/12/2003,378.25
9/11/2003,376.3
9/10/2003,380.0
9/9/2003,382.25
9/8/2003,374.65
9/5/2003,375.8
9/4/2003,370.75
9/3/2003,370.0
9/2/2003,373.7
8/29/2003,375.6
8/28/2003,369.8
8/27/2003,371.25
8/26/2003,360.5
8/25/2003,358.75
8/22/2003,358.75
8/21/2003,363.3
8/20/2003,363.7
8/19/2003,360.4
8/18/2003,360.25
8/15/2003,364.5
8/14/2003,363.6
8/13/2003,358.65
8/12/2003,360.1
8/11/2003,359.15
8/8/2003,353.95
8/7/2003,351.6
8/6/2003,352.0
8/5/2003,348.4
8/4/2003,347.5
8/1/2003,352.35
7/31/2003,354.75
7/30/2003,357.75
7/29/2003,363.5
7/28/2003,365.6
7/25/2003,363.0
7/24/2003,357.3
7/23/2003,354.75
7/22/2003,352.0
7/21/2003,350.0
7/18/2003,344.35
7/17/2003,342.5
7/16/2003,343.2
7/15/2003,348.25
7/14/2003,347.5
7/11/2003,343.7
7/10/2003,343.4
7/9/2003,344.15
7/8/2003,347.2
7/7/2003,348.15
7/3/2003,349.4
7/2/2003,351.5
7/1/2003,350.2
6/30/2003,346.0
6/27/2003,345.5
6/26/2003,343.85
6/25/2003,348.1
6/24/2003,348.25
6/23/2003,355.0
6/20/2003,358.0
6/19/2003,357.65
6/18/2003,359.75
6/17/2003,362.75
6/16/2003,358.3
6/13/2003,353.05
6/12/2003,352.25
6/11/2003,354.25
6/10/2003,354.25
6/9/2003,362.75
6/6/2003,363.0
6/5/2003,366.75
6/4/2003,364.2
6/3/2003,365.0
6/2/2003,364.75
5/30/2003,361.4
5/29/2003,363.1
5/28/2003,359.5
5/27/2003,371.4
5/23/2003,370.5
5/22/2003,369.6
5/21/2003,367.8
5/20/2003,366.3
5/19/2003,359.0
5/16/2003,355.0
5/15/2003,354.25
5/14/2003,353.55
5/13/2003,350.4
5/12/2003,351.1
5/9/2003,347.9
5/8/2003,346.45
5/7/2003,341.85
5/6/2003,342.85
5/5/2003,340.5
5/2/2003,340.5
5/1/2003,341.2
4/30/2003,336.75
4/29/2003,331.4
4/28/2003,332.6
4/25/2003,333.25
4/24/2003,333.7
4/23/2003,333.3
4/22/2003,334.9
4/21/2003,327.0
4/17/2003,327.0
4/16/2003,324.1
4/15/2003,325.45
4/14/2003,325.95
4/11/2003,324.8
4/10/2003,324.6
4/9/2003,321.35
4/8/2003,323.4
4/7/2003,319.9
4/4/2003,323.8
4/3/2003,323.7
4/2/2003,329.3
4/1/2003,334.35
3/31/2003,334.85
3/28/2003,330.75
3/27/2003,332.75
3/26/2003,329.95
3/25/2003,331.9
3/24/2003,329.45
3/21/2003,333.5
3/20/2003,335.8
3/19/2003,335.8
3/18/2003,338.8
3/17/2003,340.75
3/14/2003,335.2
3/13/2003,334.5
3/12/2003,346.1
3/11/2003,348.7
3/10/2003,354.45
3/7/2003,350.75
3/6/2003,354.7
3/5/2003,353.95
3/4/2003,353.4
3/3/2003,345.5
2/28/2003,347.45
2/27/2003,351.25
2/26/2003,351.9
2/25/2003,357.6
2/24/2003,355.2
2/21/2003,352.3
2/20/2003,351.55
2/19/2003,346.0
2/18/2003,344.1
2/14/2003,354.25
2/13/2003,352.8
2/12/2003,356.3
2/11/2003,364.0
2/10/2003,370.5
2/7/2003,373.25
2/6/2003,375.8
2/5/2003,382.1
2/4/2003,376.55
2/3/2003,369.5
1/31/2003,367.5
1/30/2003,367.6
1/29/2003,369.9
1/28/2003,368.4
1/27/2003,368.5
1/24/2003,366.0
1/23/2003,364.7
1/22/2003,358.5
1/21/2003,353.8
1/17/2003,357.0
1/16/2003,352.3
1/15/2003,351.0
1/14/2003,353.1
1/13/2003,352.55
1/10/2003,353.0
1/9/2003,352.4
1/8/2003,349.75
1/7/2003,349.0
1/6/2003,351.75
1/3/2003,344.5
1/2/2003,343.8
12/31/2002,347.2
12/30/2002,347.2
12/27/2002,349.3
12/26/2002,343.95
12/24/2002,343.95
12/23/2002,343.95
12/20/2002,341.6
12/19/2002,345.0
12/18/2002,338.0
12/17/2002,339.0
12/16/2002,333.0
12/13/2002,332.2
12/12/2002,326.4
12/11/2002,324.25
12/10/2002,323.1
12/9/2002,325.1
12/6/2002,325.75
12/5/2002,322.45
12/4/2002,322.1
12/3/2002,319.7
12/2/2002,316.45
11/29/2002,319.05
11/27/2002,317.85
11/26/2002,317.5
11/25/2002,317.45
11/22/2002,317.7
11/21/2002,317.65
11/20/2002,318.85
11/19/2002,319.7
11/18/2002,318.75
11/15/2002,319.1
11/14/2002,318.6
11/13/2002,324.0
11/12/2002,321.75
11/11/2002,320.7
11/8/2002,321.7
11/7/2002,319.25
11/6/2002,317.3
11/5/2002,318.5
11/4/2002,317.55
11/1/2002,319.85
10/31/2002,316.9
10/30/2002,316.55
10/29/2002,317.15
10/28/2002,314.45
10/25/2002,313.0
10/24/2002,311.75
10/23/2002,312.1
10/22/2002,312.55
10/21/2002,312.6
10/18/2002,312.75
10/17/2002,310.75
10/16/2002,314.05
10/15/2002,316.2
10/14/2002,317.75
10/11/2002,316.85
10/10/2002,318.95
10/9/2002,319.35
10/8/2002,319.0
10/7/2002,321.75
10/4/2002,320.3
10/3/2002,322.1
10/2/2002,322.2
10/1/2002,321.75
9/30/2002,323.7
9/27/2002,320.05
9/26/2002,319.6
9/25/2002,325.15
9/24/2002,326.3
9/23/2002,322.5
9/20/2002,322.3
9/19/2002,322.25
9/18/2002,318.7
9/17/2002,315.9
9/16/2002,315.35
9/13/2002,318.8
9/12/2002,318.85
9/11/2002,315.5
9/10/2002,319.1
9/9/2002,322.5
9/6/2002,319.25
9/5/2002,317.55
9/4/2002,313.0
9/3/2002,313.5
8/30/2002,312.8
8/29/2002,312.1
8/28/2002,311.1
8/27/2002,310.5
8/26/2002,305.95
8/23/2002,305.95
8/22/2002,305.4
8/21/2002,306.55
8/20/2002,308.0
8/19/2002,310.1
8/16/2002,314.2
8/15/2002,312.65
8/14/2002,315.65
8/13/2002,313.8
8/12/2002,316.7
8/9/2002,312.95
8/8/2002,312.15
8/7/2002,312.2
8/6/2002,305.75
8/5/2002,309.5
8/2/2002,305.05
8/1/2002,302.25
7/31/2002,304.65
7/30/2002,305.4
7/29/2002,303.0
7/26/2002,304.95
7/25/2002,309.45
7/24/2002,311.25
7/23/2002,319.7
7/22/2002,322.9
7/19/2002,322.9
7/18/2002,317.65
7/17/2002,316.15
7/16/2002,318.25
7/15/2002,319.0
7/12/2002,316.7
7/11/2002,314.15
7/10/2002,314.8
7/9/2002,313.8
7/8/2002,311.7
7/5/2002,311.3
7/3/2002,310.85
7/2/2002,314.45
7/1/2002,312.1
6/28/2002,318.5
6/27/2002,318.8
6/26/2002,321.55
6/25/2002,321.7
6/24/2002,326.4
6/21/2002,322.7
6/20/2002,322.35
6/19/2002,320.65
6/18/2002,318.35
6/17/2002,317.8
6/14/2002,322.1
6/13/2002,318.75
6/12/2002,319.75
6/11/2002,316.8
6/10/2002,322.5
6/7/2002,326.4
6/6/2002,324.1
6/5/2002,322.0
6/4/2002,326.6
6/3/2002,326.6
5/31/2002,326.6
5/30/2002,326.0
5/29/2002,327.05
5/28/2002,320.2
5/24/2002,320.95
5/23/2002,317.15
5/22/2002,317.1
5/21/2002,315.2
5/20/2002,311.5
5/17/2002,310.6
5/16/2002,310.1
5/15/2002,308.3
5/14/2002,308.4
5/13/2002,310.75
5/10/2002,311.15
5/9/2002,308.85
5/8/2002,310.5
5/7/2002,312.0
5/6/2002,310.45
5/3/2002,310.45
5/2/2002,307.6
5/1/2002,308.35
4/30/2002,308.2
4/29/2002,309.7
4/26/2002,306.6
4/25/2002,307.25
4/24/2002,304.2
4/23/2002,302.7
4/22/2002,303.7
4/19/2002,301.8
4/18/2002,304.25
4/17/2002,300.85
4/16/2002,297.75
4/15/2002,300.1
4/12/2002,300.35
4/11/2002,301.3
4/10/2002,298.0
4/9/2002,298.7
4/8/2002,300.45
4/5/2002,301.0
4/4/2002,301.7
4/3/2002,303.75
4/2/2002,304.0
4/1/2002,301.4
3/28/2002,301.4
3/27/2002,299.0
3/26/2002,296.1
3/25/2002,297.7
3/22/2002,294.25
3/21/2002,292.75
3/20/2002,291.85
3/19/2002,293.1
3/18/2002,292.05
3/15/2002,290.3
3/14/2002,291.2
3/13/2002,293.15
3/12/2002,293.6
3/11/2002,291.2
3/8/2002,289.15
3/7/2002,291.0
3/6/2002,292.7
3/5/2002,297.8
3/4/2002,297.4
3/1/2002,295.4
2/28/2002,296.85
2/27/2002,297.4
2/26/2002,294.2
2/25/2002,291.95
2/22/2002,292.75
2/21/2002,292.15
2/20/2002,291.3
2/19/2002,296.5
2/15/2002,299.85
2/14/2002,299.0
2/13/2002,297.4
2/12/2002,298.9
2/11/2002,297.75
2/8/2002,304.3
2/7/2002,299.5
2/6/2002,299.5
2/5/2002,291.95
2/4/2002,287.4
2/1/2002,283.9
1/31/2002,282.3
1/30/2002,281.5
1/29/2002,277.9
1/28/2002,279.1
1/25/2002,279.0
1/24/2002,279.2
1/23/2002,280.75
1/22/2002,282.05
1/18/2002,283.2
1/17/2002,285.0
1/16/2002,284.6
1/15/2002,284.2
1/14/2002,286.35
1/11/2002,285.75
1/10/2002,286.85
1/9/2002,281.1
1/8/2002,278.6
1/7/2002,278.6
1/4/2002,277.75
1/3/2002,278.8
1/2/2002,278.35
12/31/2001,276.5
12/28/2001,276.5
12/27/2001,277.7
12/26/2001,277.5
12/24/2001,277.5
12/21/2001,277.5
12/20/2001,276.1
12/19/2001,278.65
12/18/2001,278.85
12/17/2001,277.75
12/14/2001,277.05
12/13/2001,274.35
12/12/2001,273.5
12/11/2001,272.2
12/10/2001,272.65
12/7/2001,274.1
12/6/2001,274.55
12/5/2001,275.0
12/4/2001,276.6
12/3/2001,276.35
11/30/2001,275.5
11/29/2001,274.8
11/28/2001,274.4
11/27/2001,273.3
11/26/2001,272.6
11/23/2001,273.1
11/21/2001,272.8
11/20/2001,272.95
11/19/2001,273.6
11/16/2001,274.5
11/15/2001,275.45
11/14/2001,278.25
11/13/2001,276.5
11/12/2001,280.0
11/9/2001,277.15
11/8/2001,279.95
11/7/2001,280.3
11/6/2001,278.95
11/5/2001,278.25
11/2/2001,279.9
11/1/2001,280.6
10/31/2001,278.75
10/30/2001,280.4
10/29/2001,278.6
10/26/2001,277.25
10/25/2001,276.7
10/24/2001,275.5
10/23/2001,276.05
10/22/2001,275.9
10/19/2001,279.15
10/18/2001,281.0
10/17/2001,281.6
10/16/2001,281.1
10/15/2001,281.85
10/12/2001,281.8
10/11/2001,281.85
10/10/2001,287.15
10/9/2001,290.0
10/8/2001,291.85
10/5/2001,291.2
10/4/2001,290.35
10/3/2001,290.1
10/2/2001,291.65
10/1/2001,290.6
9/28/2001,293.1
9/27/2001,289.8
9/26/2001,291.45
9/25/2001,288.0
9/24/2001,288.2
9/21/2001,292.5
9/20/2001,288.5
9/19/2001,288.1
9/18/2001,289.4
9/17/2001,293.25
9/10/2001,271.5
9/7/2001,273.6
9/6/2001,272.05
9/5/2001,271.3
9/4/2001,272.3
8/31/2001,273.0
8/30/2001,272.3
8/29/2001,272.85
8/28/2001,271.05
8/27/2001,272.8
8/24/2001,272.8
8/23/2001,274.85
8/22/2001,275.85
8/21/2001,276.3
8/20/2001,276.65
8/17/2001,277.45
8/16/2001,275.9
8/15/2001,275.35
8/14/2001,274.5
8/13/2001,275.6
8/10/2001,275.8
8/9/2001,270.0
8/8/2001,266.4
8/7/2001,266.45
8/6/2001,267.2
8/3/2001,267.85
8/2/2001,267.0
8/1/2001,267.35
7/31/2001,265.9
7/30/2001,266.3
7/27/2001,266.15
7/26/2001,267.5
7/25/2001,268.4
7/24/2001,268.75
7/23/2001,268.7
7/20/2001,269.7
7/19/2001,270.3
7/18/2001,268.55
7/17/2001,267.6
7/16/2001,268.25
7/13/2001,266.35
7/12/2001,266.3
7/11/2001,267.55
7/10/2001,267.45
7/9/2001,266.1
7/6/2001,265.1
7/5/2001,266.3
7/3/2001,268.5
7/2/2001,268.35
6/29/2001,270.6
6/28/2001,269.5
6/27/2001,274.8
6/26/2001,274.0
6/25/2001,272.9
6/22/2001,273.3
6/21/2001,271.7
6/20/2001,271.5
6/19/2001,273.4
6/18/2001,272.0
6/15/2001,272.2
6/14/2001,272.4
6/13/2001,271.95
6/12/2001,269.9
6/11/2001,268.5
6/8/2001,267.0
6/7/2001,266.1
6/6/2001,265.5
6/5/2001,265.7
6/4/2001,266.5
6/1/2001,265.4
5/31/2001,267.5
5/30/2001,271.0
5/29/2001,275.75
5/25/2001,276.25
5/24/2001,286.05
5/23/2001,283.15
5/22/2001,284.15
5/21/2001,291.25
5/18/2001,273.0
5/17/2001,274.0
5/16/2001,270.9
5/15/2001,266.6
5/14/2001,268.35
5/11/2001,269.05
5/10/2001,268.45
5/9/2001,267.85
5/8/2001,265.2
5/7/2001,266.6
5/4/2001,266.6
5/3/2001,266.4
5/2/2001,263.95
5/1/2001,264.0
4/30/2001,263.15
4/27/2001,264.6
4/26/2001,263.5
4/25/2001,263.5
4/24/2001,263.4
4/23/2001,262.6
4/20/2001,263.85
4/19/2001,263.1
4/18/2001,258.85
4/17/2001,260.55
4/16/2001,259.25
4/12/2001,259.25
4/11/2001,257.7
4/10/2001,256.65
4/9/2001,259.0
4/6/2001,258.8
4/5/2001,258.1
4/4/2001,259.45
4/3/2001,257.1
4/2/2001,255.95
3/30/2001,257.7
3/29/2001,260.15
3/28/2001,260.15
3/27/2001,262.0
3/26/2001,262.2
3/23/2001,262.85
3/22/2001,261.15
3/21/2001,262.0
3/20/2001,261.55
3/19/2001,260.55
3/16/2001,260.7
3/15/2001,262.05
3/14/2001,263.85
3/13/2001,269.3
3/12/2001,272.5
3/9/2001,269.8
3/8/2001,263.65
3/7/2001,260.65
3/6/2001,261.85
3/5/2001,262.5
3/2/2001,263.1
3/1/2001,266.35
2/28/2001,266.7
2/27/2001,268.3
2/26/2001,263.2
2/23/2001,260.45
2/22/2001,258.85
2/21/2001,257.5
2/20/2001,256.25
2/16/2001,257.45
2/15/2001,258.55
2/14/2001,260.25
2/13/2001,260.75
2/12/2001,261.1
2/9/2001,259.9
2/8/2001,262.95
2/7/2001,263.15
2/6/2001,262.7
2/5/2001,265.45
2/2/2001,266.7
2/1/2001,267.65
1/31/2001,264.5
1/30/2001,264.95
1/29/2001,262.85
1/26/2001,263.55
1/25/2001,264.9
1/24/2001,264.25
1/23/2001,266.1
1/22/2001,266.15
1/19/2001,264.9
1/18/2001,264.9
1/17/2001,263.5
1/16/2001,264.45
1/12/2001,263.7
1/11/2001,264.15
1/10/2001,266.3
1/9/2001,267.0
1/8/2001,268.3
1/5/2001,267.4
1/4/2001,267.1
1/3/2001,267.15
1/2/2001,271.1
12/29/2000,274.45
12/28/2000,274.45
12/27/2000,275.05
12/26/2000,273.1
12/22/2000,273.1
12/21/2000,273.1
12/20/2000,272.45
12/19/2000,269.55
12/18/2000,270.2
12/15/2000,270.35
12/14/2000,269.3
12/13/2000,269.6
12/12/2000,270.75
12/11/2000,270.7
12/8/2000,272.95
12/7/2000,273.9
12/6/2000,271.6
12/5/2000,270.8
12/4/2000,270.7
12/1/2000,269.2
11/30/2000,269.1
11/29/2000,269.1
11/28/2000,269.95
11/27/2000,268.15
11/24/2000,265.55
11/22/2000,266.15
11/21/2000,266.15
11/20/2000,266.15
11/17/2000,265.25
11/16/2000,266.7
11/15/2000,264.6
11/14/2000,264.95
11/13/2000,264.85
11/10/2000,264.85
11/9/2000,264.65
11/8/2000,264.1
11/7/2000,265.5
11/6/2000,265.7
11/3/2000,264.65
11/2/2000,264.85
11/1/2000,265.5
10/31/2000,264.5
10/30/2000,264.75
10/27/2000,263.8
10/26/2000,266.4
10/25/2000,266.8
10/24/2000,270.2
10/23/2000,271.45
10/20/2000,270.45
10/19/2000,270.3
10/18/2000,272.0
10/17/2000,270.25
10/16/2000,271.6
10/13/2000,273.25
10/12/2000,274.0
10/11/2000,272.75
10/10/2000,270.5
10/9/2000,270.0
10/6/2000,270.0
10/5/2000,270.4
10/4/2000,271.35
10/3/2000,272.1
10/2/2000,273.1
9/29/2000,273.65
9/28/2000,276.4
9/27/2000,276.15
9/26/2000,274.85
9/25/2000,272.85
9/22/2000,273.95
9/21/2000,269.5
9/20/2000,271.4
9/19/2000,271.85
9/18/2000,273.0
9/15/2000,272.6
9/14/2000,273.1
9/13/2000,272.5
9/12/2000,274.65
9/11/2000,272.55
9/8/2000,272.75
9/7/2000,272.7
9/6/2000,274.15
9/5/2000,275.0
9/1/2000,277.0
8/31/2000,277.0
8/30/2000,273.3
8/29/2000,274.0
8/28/2000,273.65
8/25/2000,273.65
8/24/2000,272.6
8/23/2000,273.15
8/22/2000,273.4
8/21/2000,274.6
8/18/2000,275.6
8/17/2000,277.2
8/16/2000,276.35
8/15/2000,274.15
8/14/2000,275.45
8/11/2000,272.7
8/10/2000,272.2
8/9/2000,272.0
8/8/2000,273.1
8/7/2000,273.2
8/4/2000,273.95
8/3/2000,275.5
8/2/2000,277.6
8/1/2000,277.6
7/31/2000,276.75
7/28/2000,278.1
7/27/2000,279.85
7/26/2000,279.4
7/25/2000,279.7
7/24/2000,279.75
7/21/2000,279.3
7/20/2000,279.35
7/19/2000,279.2
7/18/2000,282.75
7/17/2000,282.45
7/14/2000,280.25
7/13/2000,280.8
7/12/2000,279.95
7/11/2000,282.85
7/10/2000,284.1
7/7/2000,282.85
7/6/2000,284.9
7/5/2000,286.85
7/3/2000,287.65
6/30/2000,288.15
6/29/2000,289.75
6/28/2000,288.0
6/27/2000,283.8
6/26/2000,284.05
6/23/2000,285.8
6/22/2000,287.65
6/21/2000,286.05
6/20/2000,286.2
6/19/2000,285.9
6/16/2000,290.1
6/15/2000,287.4
6/14/2000,287.15
6/13/2000,291.5
6/12/2000,284.6
6/9/2000,284.4
6/8/2000,285.75
6/7/2000,284.1
6/6/2000,288.4
6/5/2000,283.25
6/2/2000,281.6
6/1/2000,272.5
5/31/2000,272.25
5/30/2000,273.15
5/26/2000,271.3
5/25/2000,273.35
5/24/2000,273.7
5/23/2000,274.05
5/22/2000,274.0
5/19/2000,273.15
5/18/2000,272.8
5/17/2000,273.1
5/16/2000,276.0
5/15/2000,275.05
5/12/2000,276.65
5/11/2000,276.75
5/10/2000,277.6
5/9/2000,276.3
5/8/2000,277.9
5/5/2000,280.75
5/4/2000,280.0
5/3/2000,275.6
5/2/2000,275.45
5/1/2000,275.05
4/28/2000,275.05
4/27/2000,276.0
4/26/2000,276.2
4/25/2000,279.5
4/24/2000,279.85
4/20/2000,279.85
4/19/2000,281.35
4/18/2000,281.1
4/17/2000,281.75
4/14/2000,282.0
4/13/2000,281.4
4/12/2000,280.4
4/11/2000,282.5
4/10/2000,282.25
4/7/2000,280.15
4/6/2000,279.35
4/5/2000,281.3
4/4/2000,276.85
4/3/2000,277.5
3/31/2000,276.75
3/30/2000,275.75
3/29/2000,279.75
3/28/2000,280.65
3/27/2000,284.15
3/24/2000,284.85
3/23/2000,284.75
3/22/2000,287.8
3/21/2000,285.15
3/20/2000,285.75
3/17/2000,283.9
3/16/2000,287.35
3/15/2000,289.15
3/14/2000,288.75
3/13/2000,290.65
3/10/2000,290.25
3/9/2000,290.5
3/8/2000,291.2
3/7/2000,289.75
3/6/2000,288.8
3/3/2000,288.5
3/2/2000,289.9
3/1/2000,292.9
2/29/2000,293.65
2/28/2000,292.5
2/25/2000,294.0
2/24/2000,298.75
2/23/2000,302.0
2/22/2000,302.25
2/18/2000,303.55
2/17/2000,304.75
2/16/2000,302.5
2/15/2000,304.25
2/14/2000,308.35
2/11/2000,311.5
2/10/2000,309.0
2/9/2000,308.6
2/8/2000,296.25
2/7/2000,312.7
2/4/2000,293.65
2/3/2000,285.05
2/2/2000,285.6
2/1/2000,283.0
1/31/2000,283.3
1/28/2000,286.75
1/27/2000,285.55
1/26/2000,285.9
1/25/2000,288.0
1/24/2000,287.2
1/21/2000,287.75
1/20/2000,288.1
1/19/2000,287.65
1/18/2000,285.8
1/14/2000,283.3
1/13/2000,282.1
1/12/2000,282.25
1/11/2000,282.25
1/10/2000,281.6
1/7/2000,282.1
1/6/2000,279.4
1/5/2000,280.45
1/4/2000,281.5
1/3/2000,290.25
,
,
,
,
,
,
,
,
,
,
,
,
,
,
,
,
,
,
,
,
,
,
,
,
,
,
,
,
,
,
,
,
,
,
,
,
,
,
,
,
,
,
,
,
,
,
,
,
,
,
,
,
,
,
,
,
,
,
,
,
,
,
,
,
,
,
,
,
,
,
,
,
,
,
,
,
,
,
,
,
,
,
,
,
,
,
,
,
,
,
,
,
,
,
,
,
,
,
,
,
,
,
,
,
,
,
,
,
,
,
,
,
,
,
,
,
,
,
,
,
,
,
,
,
,
,
,
,
,
,
,
,
,
,
,
,
,
,
,
,
,
,
,
,
,
,
,
,
,
,
,
,
,
,
,
,
,
,
,
,
,
,
,
,
,
,
,
,
,
,
,
,
,
,
,
,
,
,
,
,
,
,
,
,
,
,
,
,
,
,
,
,
,
,
,
,
,
,
,
,
,
,
,
,
,
,
,
,
,
,
,
,
,
,
,
,
,
,
,
,
,
,
,
,
,
,
,
,
,
,
,
,
,
,
,
,
,
,
,
,
,
,
,
,
,
,
,
,
,
,
,
,
,
,
,
,
,
,
,
,
,
,
,
,
,
,
,
,
,
,
,
,
,
,
,
,
,
,
,
,
,
,
,
,
,
,
,
,
,
,
,
,
,
,
,
,
,
,
,
,
,
,
,
,
,
,
,
,
,
,
,
,
,
,
,
,
,
,
,
,
,
,
,
,
,
,
,
,
,
,
,
,
,
,
,
,
,
,
,
,
,
,
,
,
,
,
,
,
,
,
,
,
,
,
,
,
,
,
,
,
,
,
,
,
,
,
,
,
,
,
,
,
,
,
,
,
,
,
,
,
,
,
,
,
,
,
,
,
,
,
,
,
,
,
,
,
,
,
,
,
,
,
,
,
,
,
,
,
,
,
,
,
,
,
,
,
,
,
,
,
,
,
,
,
,
,
,
,
,
,
,
,
,
,
,
,
,
,
,
,
,
,
,
,
,
,
,
,
,
,
,
,
,
,
,
,
,
,
,
,
,
,
,
,
,
,
,
,
,
,
,
,
,
,
,
,
,
,
,
,
,
,
,
,
,
,
,
,
,
,
,
,
,
,
,
,
,
,
,
,
,
,
,
,
,
,
,
,
,
,
,
,
,
,
,
,
,
,
,
,
,
,
,
,
,
,
,
,
,
,
,
,
,
,
,
,
,
,
,
,
,
,
,
,
,
,
,
,
,
,
,
,
,
,
,
,
,
,
,
,
,
,
,
,
,
,
,
,
,
,
,
,
,
,
,
,
,
,
,
,
,
,
,
,
,
,
,
,
,
,
,
,
,
,
,
,
,
,
,
,
,
,
,
,
,
,
,
,
,
,
,
,
,
,
,
,
,
,
,
,
,
,
,
,
,
,
,
,
,
,
,
,
,
,
,
,
,
,
,
,
,
,
,
,
,
,
,
,
,
,
,
,
,
,
,
,
,
,
,
,
,
,
,
,
,
,
,
,
,
,
,
,
,
,
,
,
,
,
,
,
,
,
,
,
,
,
,
,
,
,
,
,
,
,
,
,
,
,
,
,
,
,
,
,
,
,
,
,
,
,
,
,
,
,
,
,
,
,
,
,
,
,
,
,
,
,
,
,
,
,
,
,
,
,
,
,
,
,
,
,
,
,
,
,
,
,
,
,
,
,
,
,
,
,
,
,
,
,
,
,
,
,
,
,
,
,
,
,
,
,
,
,
,
,
,
,
,
,
,
,
,
,
,
,
,
,
,
,
,
,
,
,
,
,
,
,
,
,
,
,
,
,
,
,
,
,
,
,
,
,
,
,
,
,
,
,
,
,
,
,
,
,
,
,
,
,
,
,
,
,
,
,
,
,
,
,
,
,
,
,
,
,
,
,
,
,
,
,
,
,
,
,
,
,
,
,
,
,
,
,
,
,
,
,
,
,
,
,
,
,
,
,
,
,
,
,
,
,
,
,
,
,
,
,
,
,
,
,
,
,
,
,
,
,
,
,
,
,
,
,
,
,
,
,
,
,
,
,
,
,
,
,
,
,
,
,
,
,
,
,
,
,
,
,
,
,
,
,
,
,
,
,
,
,
,
,
,
,
,
,
,
,
,
,
,
,
,
,
,
,
,
,
,
,
,
,
,
,
,
,
,
,
,
,
,
,
,
,
,
,
,
,
,
,
,
,
,
,
,
,
,
,
,
,
,
,
,
,
,
,
,
,
,
,
,
,
,
,
,
,
,
,
,
,
,
,
,
,
,
,
,
,
,
,
,
,
,
,
,
,
,
,
,
,
,
,
,
,
,
,
,
,
,
,
,
,
,
,
,
,
,
,
,
,
,
,
,
,
,
,
,
,
,
,
,
,
,
,
,
,
,
,
,
,
,
,
,
,
,
,
,
,
,
,
,
,
,
,
,
,
,
,
,
,
,
,
,
,
,
,
,
,
,
,
,
,
,
,
,
,
,
,
,
,
,
,
,
,
,
,
,
,
,
,
,
,
,
,
,
,
,
,
,
,
,
,
,
,
,
,
,
,
,
,
,
,
,
,
,
,
,
,
,
,
,
,
,
,
,
,
,
,
,
,
,
,
,
,
,
,
,
,
,
,
,
,
,
,
,
,
,
,
,
,
,
,
,
,
,
,
,
,
,
,
,
,
,
,
,
,
,
,
,
,
,
,
,
,
,
,
,
,
,
,
,
,
,
,
,
,
,
,
,
,
,
,
,
,
,
,
,
,
,
,
,
,
,
,
,
,
,
,
,
,
,
,
,
,
,
,
,
,
,
,
,
,
,
,
,
,
,
,
,
,
,
,
,
,
,
,
,
,
,
,
,
,
,
,
,
,
,
,
,
,
,
,
,
,
,
,
,
,
,
,
,
,
,
,
,
,
,
,
,
,
,
,
,
,
,
,
,
,
,
,
,
,
,
,
,
,
,
,
,
,
,
,
,
,
,
,
,
,
,
,
,
,
,
,
,
,
,
,
,
,
,
,
,
,
,
,
,
,
,
,
,
,
,
,
,
,
,
,
,
,
,
,
,
,
,
,
,
,
,
,
,
,
,
,
,
,
,
,
,
,
,
,
,
,
,
,
,
,
,
,
,
,
,
,
,
,
,
,
,
,
,
,
,
,
,
,
,
,
,
,
,
,
,
,
,
,
,
,
,
,
,
,
,
,
,
,
,
,
,
,
,
,
,
,
,
,
,
,
,
,
,
,
,
,
,
,
,
,
,
,
,
,
,
,
,
,
,
,
,
,
,
,
,
,
,
,
,
,
,
,
,
,
,
,
,
,
,
,
,
,
,
,
,
,
,
,
,
,
,
,
,
,
,
,
,
,
,
,
,
,
,
,
,
,
,
,
,
,
,
,
,
,
,
,
,
,
,
,
,
,
,
,
,
,
,
,
,
,
,
,
,
,
,
,
,
,
,
,
,
,
,
,
,
,
,
,
,
,
,
,
,
,
,
,
,
,
,
,
,
,
,
,
,
,
,
,
,
,
,
,
,
,
,
,
,
,
,
,
,
,
,
,
,
,
,
,
,
,
,
,
,
,
,
,
,
,
,
,
,
,
,
,
,
,
,
,
,
,
,
,
,
,
,
,
,
,
,
,
,
,
,
,
,
,
,
,
,
,
,
,
,
,
,
,
,
,
,
,
,
,
,
,
,
,
,
,
,
,
,
,
,
,
,
,
,
,
,
,
,
,
,
,
,
,
,
,
,
,
,
,
,
,
,
,
,
,
,
,
,
,
,
,
,
,
,
,
,
,
,
,
,
,
,
,
,
,
,
,
,
,
,
,
,
,
,
,
,
,
,
,
,
,
,
,
,
,
,
,
,
,
,
,
,
,
,
,
,
,
,
,
,
,
,
,
,
,
,
,
,
,
,
,
,
,
,
,
,
,
,
,
,
,
,
,
,
,
,
,
,
,
,
,
,
,
,
,
,
,
,
,
,
,
,
,
,
,
,
,
,
,
,
,
,
,
,
,
,
,
,
,
,
,
,
,
,
,
,
,
,
,
,
,
,
,
,
,
,
,
,
,
,
,
,
,
,
,
,
,
,
,
,
,
,
,
,
,
,
,
,
,
,
,
,
,
,
,
,
,
,
,
,
,
,
,
,
,
,
,
,
,
,
,
,
,
,
,
,
,
,
,
,
,
,
,
,
,
,
,
,
,
,
,
,
,
,
,
,
,
,
,
,
,
,
,
,
,
,
,
,
,
,
,
,
,
,
,
,
,
,
,
,
,
,
,
,
,
,
,
,
,
,
,
,
,
,
,
,
,
,
,
,
,
,
,
,
,
,
,
,
,
,
,
,
,
,
,
,
,
,
,
,
,
,
,
,
,
,
,
,
,
,
,
,
,
,
,
,
,
,
,
,
,
,
,
,
,
,
,
,
,
,
,
,
,
,
,
,
,
,
,
,
,
,
,
,
,
,
,
,
,
,
,
,
,
,
,
,
,
,
,
,
,
,
,
,
,
,
,
,
,
,
,
,
,
,
,
,
,
,
,
,
,
,
,
,
,
,
,
,
,
,
,
,
,
,
,
,
,
,
,
,
,
,
,
,
,
,
,
,
,
,
,
,
,
,
,
,
,
,
,
,
,
,
,
,
,
,
,
,
,
,
,
,
,
,
,
,
,
,
,
,
,
,
,
,
,
,
,
,
,
,
,
,
,
,
,
,
,
,
,
,
,
,
,
,
,
,
,
,
,
,
,
,
,
,
,
,
,
,
,
,
,
,
,
,
,
,
,
,
,
,
,
,
,
,
,
,
,
,
,
,
,
,
,
,
,
,
,
,
,
,
,
,
,
,
,
,
,
,
,
,
,
,
,
,
,
,
,
,
,
,
,
,
,
,
,
,
,
,
,
,
,
,
,
,
,
,
,
,
,
,
,
,
,
,
,
,
,
,
,
,
,
,
,
,
,
,
,
,
,
,
,
,
,
,
,
,
,
,
,
,
,
,
,
,
,
,
,
,
,
,
,
,
,
,
,
,
,
,
,
,
,
,
,
,
,
,
,
,
,
,
,
,
,
,
,
,
,
,
,
,
,
,
,
,
,
,
,
,
,
,
,
,
,
,
,
,
,
,
,
,
,
,
,
,
,
,
,
,
,
,
,
,
,
,
,
,
,
,
,
,
,
,
,
,
,
,
,
,
,
,
,
,
,
,
,
,
,
,
,
,
,
,
,
,
,
,
,
,
,
,
,
,
,
,
,
,
,
,
,
,
,
,
,
,
,
,
,
,
,
,
,
,
,
,
,
,
,
,
,
,
,
,
,
,
,
,
,
,
,
,
,
,
,
,
,
,
,
,
,
,
,
,
,
,
,
,
,
,
,
,
,
,
,
,
,
,
,
,
,
,
,
,
,
,
,
,
,
,
,
,
,
,
,
,
,
,
,
,
,
,
,
,
,
,
,
,
,
,
,
,
,
,
,
,
,
,
,
,
,
,
,
,
,
,
,
,
,
,
,
,
,
,
,
,
,
,
,
,
,
,
,
,
,
,
,
,
,
,
,
,
,
,
,
,
,
,
,
,
,
,
,
,
,
,
,
,
,
,
,
,
,
,
,
,
,
,
,
,
,
,
,
,
,
,
,
,
,
,
,
,
,
,
,
,
,
,
,
,
,
,
,
,
,
,
,
,
,
,
,
,
,
,
,
,
,
,
,
,
,
,
,
,
,
,
,
,
,
,
,
,
,
,
,
,
,
,
,
,
,
,
,
,
,
,
,
,
,
,
,
,
,
,
,
,
,
,
,
,
,
,
,
,
,
,
,
,
,
,
,
,
,
,
,
,
,
,
,
,
,
,
,
,
,
,
,
,
,
,
,
,
,
,
,
,
,
,
,
,
,
,
,
,
,
,
,
,
,
,
,
,
,
,
,
,
,
,
,
,
,
,
,
,
,
,
,
,
,
,
,
,
,
,
,
,
,
,
,
,
,
,
,
,
,
,
,
,
,
,
,
,
,
,
,
,
,
,
,
,
,
,
,
,
,
,
,
,
,
,
,
,
,
,
,
,
,
,
,
,
,
,
,
,
,
,
,
,
,
,
,
,
,
,
,
,
,
,
,
,
,
,
,
,
,
,
,
,
,
,
,
,
,
,
,
,
,
,
,
,
,
,
,
,
,
,
,
,
,
,
,
,
,
,
,
,
,
,
,
,
,
,
,
,
,
,
,
,
,
,
,
,
,
,
,
,
,
,
,
,
,
,
,
,
,
,
,
,
,
,
,
,
,
,
,
,
,
,
,
,
,
,
,
,
,
,
,
,
,
,
,
,
,
,
,
,
,
,
,
,
,
,
,
,
,
,
,
,
,
,
,
,
,
,
,
,
,
,
,
,
,
,
,
,
,
,
,
,
,
,
,
,
,
,
,
,
,
,
,
,
,
,
,
,
,
,
,
,
,
,
,
,
,
,
,
,
,
,
,
,
,
,
,
,
,
,
,
,
,
,
,
,
,
,
,
,
,
,
,
,
,
,
,
,
,
,
,
,
,
,
,
,
,
,
,
,
,
,
,
,
,
,
,
,
,
,
,
,
,
,
,
,
,
,
,
,
,
,
,
,
,
,
,
,
,
,
,
,
,
,
,
,
,
,
,
,
,
,
,
,
,
,
,
,
,
,
,
,
,
,
,
,
,
,
,
,
,
,
,
,
,
,
,
,
,
,
,
,
,
,
,
,
,
,
,
,
,
,
,
,
,
,
,
,
,
,
,
,
,
,
,
,
,
,
,
,
,
,
,
,
,
,
,
,
,
,
,
,
,
,
,
,
,
,
,
,
,
,
,
,
,
,
,
,
,
,
,
,
,
,
,
,
,
,
,
,
,
,
,
,
,
,
,
,
,
,
,
,
,
,
,
,
,
,
,
,
,
,
,
,
,
,
,
,
,
,
,
,
,
,
,
,
,
,
,
,
,
,
,
,
,
,
,
,
,
,
,
,
,
,
,
,
,
,
,
,
,
,
,
,
,
,
,
,
,
,
,
,
,
,
,
,
,
,
,
,
,
,
,
,
,
,
,
,
,
,
,
,
,
,
,
,
,
,
,
,
,
,
,
,
,
,
,
,
,
,
,
,
,
,
,
,
,
,
,
,
,
,
,
,
,
,
,
,
,
,
,
,
,
,
,
,
,
,
,
,
,
,
,
,
,
,
,
,
,
,
,
,
,
,
,
,
,
,
,
,
,
,
,
,
,
,
,
,
,
,
,
,
,
,
,
,
,
,
,
,
,
,
,
,
,
,
,
,
,
,
,
,
,
,
,
,
,
,
,
,
,
,
,
,
,
,
,
,
,
,
,
,
,
,
,
,
,
,
,
,
,
,
,
,
,
,
,
,
,
,
,
,
,
,
,
,
,
,
,
,
,
,
,
,
,
,
,
,
,
,
,
,
,
,
,
,
,
,
,
,
,
,
,
,
,
,
,
,
,
,
,
,
,
,
,
,
,
,
,
,
,
,
,
,
,
,
,
,
,
,
,
,
,
,
,
,
,
,
,
,
,
,
,
,
,
,
,
,
,
,
,
,
,
,
,
,
,
,
,
,
,
,
,
,
,
,
,
,
,
,
,
,
,
,
,
,
,
,
,
,
,
,
,
,
,
,
,
,
,
,
,
,
,
,
,
,
,
,
,
,
,
,
,
,
,
,
,
,
,
,
,
,
,
,
,
,
,
,
,
,
,
,
,
,
,
,
,
,
,
,
,
,
,
,
,
,
,
,
,
,
,
,
,
,
,
,
,
,
,
,
,
,
,
,
,
,
,
,
,
,
,
,
,
,
,
,
,
,
,
,
,
,
,
,
,
,
,
,
,
,
,
,
,
,
,
,
,
,
,
,
,
,
,
,
,
,
,
,
,
,
,
,
,
,
,
,
,
,
,
,
,
,
,
,
,
,
,
,
,
,
,
,
,
,
,
,
,
,
,
,
,
,
,
,
,
,
,
,
,
,
,
,
,
,
,
,
,
,
,
,
,
,
,
,
,
,
,
,
,
,
,
,
,
,
,
,
,
,
,
,
,
,
,
,
,
,
,
,
,
,
,
,
,
,
,
,
,
,
,
,
,
,
,
,
,
,
,
,
,
,
,
,
,
,
,
,
,
,
,
,
,
,
,
,
,
,
,
,
,
,
,
,
,
,
,
,
,
,
,
,
,
,
,
,
,
,
,
,
,
,
,
,
,
,
,
,
,
,
,
,
,
,
,
,
,
,
,
,
,
,
,
,
,
,
,
,
,
,
,
,
,
,
,
,
,
,
,
,
,
,
,
,
,
,
,
,
,
,
,
,
,
,
,
,
,
,
,
,
,
,
,
,
,
,
,
,
,
,
,
,
,
,
,
,
,
,
,
,
,
,
,
,
,
,
,
,
,
,
,
,
,
,
,
,
,
,
,
,
,
,
,
,
,
,
,
,
,
,
,
,
,
,
,
,
,
,
,
,
,
,
,
,
,
,
,
,
,
,
,
,
,
,
,
,
,
,
,
,
,
,
,
,
,
,
,
,
,
,
,
,
,
,
,
,
,
,
,
,
,
,
,
,
,
,
,
,
,
,
,
,
,
,
,
,
,
,
,
,
,
,
,
,
,
,
,
,
,
,
,
,
,
,
,
,
,
,
,
,
,
,
,
,
,
,
,
,
,
,
,
,
,
,
,
,
,
,
,
,
,
,
,
,
,
,
,
,
,
,
,
,
,
,
,
,
,
,
,
,
,
,
,
,
,
,
,
,
,
,
,
,
,
,
,
,
,
,
,
,
,
,
,
,
,
,
,
,
,
,
,
,
,
,
,
,
,
,
,
,
,
,
,
,
,
,
,
,
,
,
,
,
,
,
,
,
,
,
,
,
,
,
,
,
,
,
,
,
,
,
,
,
,
,
,
,
,
,
,
,
,
,
,
,
,
,
,
,
,
,
,
,
,
,
,
,
,
,
,
,
,
,
,
,
,
,
,
,
,
,
,
,
,
,
,
,
,
,
,
,
,
,
,
,
,
,
,
,
,
,
,
,
,
,
,
,
,
,
,
,
,
,
,
,
,
,
,
,
,
,
,
,
,
,
,
,
,
,
,
,
,
,
,
,
,
,
,
,
,
,
,
,
,
,
,
,
,
,
,
,
,
,
,
,
,
,
,
,
,
,
,
,
,
,
,
,
,
,
,
,
,
,
,
,
,
,
,
,
,
,
,
,
,
,
,
,
,
,
,
,
,
,
,
,
,
,
,
,
,
,
,
,
,
,
,
,
,
,
,
,
,
,
,
,
,
,
,
,
,
,
,
,
,
,
,
,
,
,
,
,
,
,
,
,
,
,
,
,
,
,
,
,
,
,
,
,
,
,
,
,
,
,
,
,
,
,
,
,
,
,
,
,
,
,
,
,
,
,
,
,
,
,
,
,
,
,
,
,
,
,
,
,
,
,
,
,
,
,
,
,
,
,
,
,
,
,
,
,
,
,
,
,
,
,
,
,
,
,
,
,
,
,
,
,
,
,
,
,
,
,
,
,
,
,
,
,
,
,
,
,
,
,
,
,
,
,
,
,
,
,
,
,
,
,
,
,
,
,
,
,
,
,
,
,
,
,
,
,
,
,
,
,
,
,
,
,
,
,
,
,
,
,
,
,
,
,
,
,
,
,
,
,
,
,
,
,
,
,
,
,
,
,
,
,
,
,
,
,
,
,
,
,
,
,
,
,
,
,
,
,
,
,
,
,
,
,
,
,
,
,
,
,
,
,
,
,
,
,
,
,
,
,
,
,
,
,
,
,
,
,
,
,
,
,
,
,
,
,
,
,
,
,
,
,
,
,
,
,
,
,
,
,
,
,
,
,
,
,
,
,
,
,
,
,
,
,
,
,
,
,
,
,
,
,
,
,
,
,
,
,
,
,
,
,
,
,
,
,
,
,
,
,
,
,
,
,
,
,
,
,
,
,
,
,
,
,
,
,
,
,
,
,
,
,
,
,
,
,
,
,
,
,
,
,
,
,
,
,
,
,
,
,
,
,
,
,
,
,
,
,
,
,
,
,
,
,
,
,
,
,
,
,
,
,
,
,
,
,
,
,
,
,
,
,
,
,
,
,
,
,
,
,
,
,
,
,
,
,
,
,
,
,
,
,
,
,
,
,
,
,
,
,
,
,
,
,
,
,
,
,
,
,
,
,
,
,
,
,
,
,
,
,
,
,
,
,
,
,
,
,
,
,
,
,
,
,
,
,
,
,
,
,
,
,
,
,
,
,
,
,
,
,
,
,
,
,
,
,
,
,
,
,
,
,
,
,
,
,
,
,
,
,
,
,
,
,
,
,
,
,
,
,
,
,
,
,
,
,
,
,
,
,
,
,
,
,
,
,
,
,
,
,
,
,
,
,
,
,
,
,
,
,
,
,
,
,
,
,
,
,
,
,
,
,
,
,
,
,
,
,
,
,
,
,
,
,
,
,
,
,
,
,
,
,
,
,
,
,
,
,
,
,
,
,
,
,
,
,
,
,
,
,
,
,
,
,
,
,
,
,
,
,
,
,
,
,
,
,
,
,
,
,
,
,
,
,
,
,
,
,
,
,
,
,
,
,
,
,
,
,
,
,
,
,
,
,
,
,
,
,
,
,
,
,
,
,
,
,
,
,
,
,
,
,
,
,
,
,
,
,
,
,
,
,
,
,
,
,
,
,
,
,
,
,
,
,
,
,
,
,
,
,
,
,
,
,
,
,
,
,
,
,
,
,
,
,
,
,
,
,
,
,
,
,
,
,
,
,
,
,
,
,
,
,
,
,
,
,
,
,
,
,
,
,
,
,
,
,
,
,
,
,
,
,
,
,
,
,
,
,
,
,
,
,
,
,
,
,
,
,
,
,
,
,
,
,
,
,
,
,
,
,
,
,
,
,
,
,
,
,
,
,
,
,
,
,
,
,
,
,
,
,
,
,
,
,
,
,
,
,
,
,
,
,
,
,
,
,
,
,
,
,
,
,
,
,
,
,
,
,
,
,
,
,
,
,
,
,
,
,
,
,
,
,
,
,
,
,
,
,
,
,
,
,
,
,
,
,
,
,
,
,
,
,
,
,
,
,
,
,
,
,
,
,
,
,
,
,
,
,
,
,
,
,
,
,
,
,
,
,
,
,
,
,
,
,
,
,
,
,
,
,
,
,
,
,
,
,
,
,
,
,
,
,
,
,
,
,
,
,
,
,
,
,
,
,
,
,
,
,
,
,
,
,
,
,
,
,
,
,
,
,
,
,
,
,
,
,
,
,
,
,
,
,
,
,
,
,
,
,
,
,
,
,
,
,
,
,
,
,
,
,
,
,
,
,
,
,
,
,
,
,
,
,
,
,
,
,
,
,
,
,
,
,
,
,
,
,
,
,
,
,
,
,
,
,
,
,
,
,
,
,
,
,
,
,
,
,
,
,
,
,
,
,
,
,
,
,
,
,
,
,
,
,
,
,
,
,
,
,
,
,
,
,
,
,
,
,
,
,
,
,
,
,
,
,
,
,
,
,
,
,
,
,
,
,
,
,
,
,
,
,
,
,
,
,
,
,
,
,
,
,
,
,
,
,
,
,
,
,
,
,
,
,
,
,
,
,
,
,
,
,
,
,
,
,
,
,
,
,
,
,
,
,
,
,
,
,
,
,
,
,
,
,
,
,
,
,
,
,
,
,
,
,
,
,
,
,
,
,
,
,
,
,
,
,
,
,
,
,
,
,
,
,
,
,
,
,
,
,
,
,
,
,
,
,
,
,
,
,
,
,
,
,
,
,
,
,
,
,
,
,
,
,
,
,
,
,
,
,
,
,
,
,
,
,
,
,
,
,
,
,
,
,
,
,
,
,
,
,
,
,
,
,
,
,
,
,
,
,
,
,
,
,
,
,
,
,
,
,
,
,
,
,
,
,
,
,
,
,
,
,
,
,
,
,
,
,
,
,
,
,
,
,
,
,
,
,
,
,
,
,
,
,
,
,
,
,
,
,
,
,
,
,
,
,
,
,
,
,
,
,
,
,
,
,
,
,
,
,
,
,
,
,
,
,
,
,
,
,
,
,
,
,
,
,
,
,
,
,
,
,
,
,
,
,
,
,
,
,
,
,
,
,
,
,
,
,
,
,
,
,
,
,
,
,
,
,
,
,
,
,
,
,
,
,
,
,
,
,
,
,
,
,
,
,
,
,
,
,
,
,
,
,
,
,
,
,
,
,
,
,
,
,
,
,
,
,
,
,
,
,
,
,
,
,
,
,
,
,
,
,
,
,
,
,
,
,
,
,
,
,
,
,
,
,
,
,
,
,
,
,
,
,
,
,
,
,
,
,
,
,
,
,
,
,
,
,
,
,
,
,
,
,
,
,
,
,
,
,
,
,
,
,
,
,
,
,
,
,
,
,
,
,
,
,
,
,
,
,
,
,
,
,
,
,
,
,
,
,
,
,
,
,
,
,
,
,
,
,
,
,
,
,
,
,
,
,
,
,
,
,
,
,
,
,
,
,
,
,
,
,
,
,
,
,
,
,
,
,
,
,
,
,
,
,
,
,
,
,
,
,
,
,
,
,
,
,
,
,
,
,
,
,
,
,
,
,
,
,
,
,
,
,
,
,
,
,
,
,
,
,
,
,
,
,
,
,
,
,
,
,
,
,
,
,
,
,
,
,
,
,
,
,
,
,
,
,
,
,
,
,
,
,
,
,
,
,
,
,
,
,
,
,
,
,
,
,
,
,
,
,
,
,
,
,
,
,
,
,
,
,
,
,
,
,
,
,
,
,
,
,
,
,
,
,
,
,
,
,
,
,
