Date,PMI
1/3/2000,56.7
1/4/2000,56.7
1/5/2000,56.7
1/6/2000,56.7
1/7/2000,56.7
1/10/2000,56.7
1/11/2000,56.7
1/12/2000,56.7
1/13/2000,56.7
1/14/2000,56.7
1/17/2000,56.7
1/18/2000,56.7
1/19/2000,56.7
1/20/2000,56.7
1/21/2000,56.7
1/24/2000,56.7
1/25/2000,56.7
1/26/2000,56.7
1/27/2000,56.7
1/28/2000,56.7
1/31/2000,56.7
2/1/2000,55.8
2/2/2000,55.8
2/3/2000,55.8
2/4/2000,55.8
2/7/2000,55.8
2/8/2000,55.8
2/9/2000,55.8
2/10/2000,55.8
2/11/2000,55.8
2/14/2000,55.8
2/15/2000,55.8
2/16/2000,55.8
2/17/2000,55.8
2/18/2000,55.8
2/21/2000,55.8
2/22/2000,55.8
2/23/2000,55.8
2/24/2000,55.8
2/25/2000,55.8
2/28/2000,55.8
2/29/2000,55.8
3/1/2000,54.9
3/2/2000,54.9
3/3/2000,54.9
3/6/2000,54.9
3/7/2000,54.9
3/8/2000,54.9
3/9/2000,54.9
3/10/2000,54.9
3/13/2000,54.9
3/14/2000,54.9
3/15/2000,54.9
3/16/2000,54.9
3/17/2000,54.9
3/20/2000,54.9
3/21/2000,54.9
3/22/2000,54.9
3/23/2000,54.9
3/24/2000,54.9
3/27/2000,54.9
3/28/2000,54.9
3/29/2000,54.9
3/30/2000,54.9
3/31/2000,54.9
4/3/2000,54.9
4/4/2000,54.9
4/5/2000,54.9
4/6/2000,54.9
4/7/2000,54.9
4/10/2000,54.9
4/11/2000,54.9
4/12/2000,54.9
4/13/2000,54.9
4/14/2000,54.9
4/17/2000,54.9
4/18/2000,54.9
4/19/2000,54.9
4/20/2000,54.9
4/21/2000,54.9
4/24/2000,54.9
4/25/2000,54.9
4/26/2000,54.9
4/27/2000,54.9
4/28/2000,54.9
5/1/2000,53.2
5/2/2000,53.2
5/3/2000,53.2
5/4/2000,53.2
5/5/2000,53.2
5/8/2000,53.2
5/9/2000,53.2
5/10/2000,53.2
5/11/2000,53.2
5/12/2000,53.2
5/15/2000,53.2
5/16/2000,53.2
5/17/2000,53.2
5/18/2000,53.2
5/19/2000,53.2
5/22/2000,53.2
5/23/2000,53.2
5/24/2000,53.2
5/25/2000,53.2
5/26/2000,53.2
5/29/2000,53.2
5/30/2000,53.2
5/31/2000,53.2
6/1/2000,51.4
6/2/2000,51.4
6/5/2000,51.4
6/6/2000,51.4
6/7/2000,51.4
6/8/2000,51.4
6/9/2000,51.4
6/12/2000,51.4
6/13/2000,51.4
6/14/2000,51.4
6/15/2000,51.4
6/16/2000,51.4
6/19/2000,51.4
6/20/2000,51.4
6/21/2000,51.4
6/22/2000,51.4
6/23/2000,51.4
6/26/2000,51.4
6/27/2000,51.4
6/28/2000,51.4
6/29/2000,51.4
6/30/2000,51.4
7/3/2000,51.4
7/4/2000,51.4
7/5/2000,51.4
7/6/2000,51.4
7/7/2000,51.4
7/10/2000,51.4
7/11/2000,51.4
7/12/2000,51.4
7/13/2000,51.4
7/14/2000,51.4
7/17/2000,51.4
7/18/2000,51.4
7/19/2000,51.4
7/20/2000,51.4
7/21/2000,51.4
7/24/2000,51.4
7/25/2000,51.4
7/26/2000,51.4
7/27/2000,51.4
7/28/2000,51.4
7/31/2000,51.4
8/1/2000,49.9
8/2/2000,49.9
8/3/2000,49.9
8/4/2000,49.9
8/7/2000,49.9
8/8/2000,49.9
8/9/2000,49.9
8/10/2000,49.9
8/11/2000,49.9
8/14/2000,49.9
8/15/2000,49.9
8/16/2000,49.9
8/17/2000,49.9
8/18/2000,49.9
8/21/2000,49.9
8/22/2000,49.9
8/23/2000,49.9
8/24/2000,49.9
8/25/2000,49.9
8/28/2000,49.9
8/29/2000,49.9
8/30/2000,49.9
8/31/2000,49.9
9/1/2000,49.7
9/4/2000,49.7
9/5/2000,49.7
9/6/2000,49.7
9/7/2000,49.7
9/8/2000,49.7
9/11/2000,49.7
9/12/2000,49.7
9/13/2000,49.7
9/14/2000,49.7
9/15/2000,49.7
9/18/2000,49.7
9/19/2000,49.7
9/20/2000,49.7
9/21/2000,49.7
9/22/2000,49.7
9/25/2000,49.7
9/26/2000,49.7
9/27/2000,49.7
9/28/2000,49.7
9/29/2000,49.7
10/2/2000,49.7
10/3/2000,49.7
10/4/2000,49.7
10/5/2000,49.7
10/6/2000,49.7
10/9/2000,49.7
10/10/2000,49.7
10/11/2000,49.7
10/12/2000,49.7
10/13/2000,49.7
10/16/2000,49.7
10/17/2000,49.7
10/18/2000,49.7
10/19/2000,49.7
10/20/2000,49.7
10/23/2000,49.7
10/24/2000,49.7
10/25/2000,49.7
10/26/2000,49.7
10/27/2000,49.7
10/30/2000,49.7
10/31/2000,49.7
11/1/2000,48.5
11/2/2000,48.5
11/3/2000,48.5
11/6/2000,48.5
11/7/2000,48.5
11/8/2000,48.5
11/9/2000,48.5
11/10/2000,48.5
11/13/2000,48.5
11/14/2000,48.5
11/15/2000,48.5
11/16/2000,48.5
11/17/2000,48.5
11/20/2000,48.5
11/21/2000,48.5
11/22/2000,48.5
11/23/2000,48.5
11/24/2000,48.5
11/27/2000,48.5
11/28/2000,48.5
11/29/2000,48.5
11/30/2000,48.5
12/1/2000,43.9
12/4/2000,43.9
12/5/2000,43.9
12/6/2000,43.9
12/7/2000,43.9
12/8/2000,43.9
12/11/2000,43.9
12/12/2000,43.9
12/13/2000,43.9
12/14/2000,43.9
12/15/2000,43.9
12/18/2000,43.9
12/19/2000,43.9
12/20/2000,43.9
12/21/2000,43.9
12/22/2000,43.9
12/25/2000,43.9
12/26/2000,43.9
12/27/2000,43.9
12/28/2000,43.9
12/29/2000,43.9
1/1/2001,42.3
1/2/2001,42.3
1/3/2001,42.3
1/4/2001,42.3
1/5/2001,42.3
1/8/2001,42.3
1/9/2001,42.3
1/10/2001,42.3
1/11/2001,42.3
1/12/2001,42.3
1/15/2001,42.3
1/16/2001,42.3
1/17/2001,42.3
1/18/2001,42.3
1/19/2001,42.3
1/22/2001,42.3
1/23/2001,42.3
1/24/2001,42.3
1/25/2001,42.3
1/26/2001,42.3
1/29/2001,42.3
1/30/2001,42.3
1/31/2001,42.3
2/1/2001,42.1
2/2/2001,42.1
2/5/2001,42.1
2/6/2001,42.1
2/7/2001,42.1
2/8/2001,42.1
2/9/2001,42.1
2/12/2001,42.1
2/13/2001,42.1
2/14/2001,42.1
2/15/2001,42.1
2/16/2001,42.1
2/19/2001,42.1
2/20/2001,42.1
2/21/2001,42.1
2/22/2001,42.1
2/23/2001,42.1
2/26/2001,42.1
2/27/2001,42.1
2/28/2001,42.1
3/1/2001,43.1
3/2/2001,43.1
3/5/2001,43.1
3/6/2001,43.1
3/7/2001,43.1
3/8/2001,43.1
3/9/2001,43.1
3/12/2001,43.1
3/13/2001,43.1
3/14/2001,43.1
3/15/2001,43.1
3/16/2001,43.1
3/19/2001,43.1
3/20/2001,43.1
3/21/2001,43.1
3/22/2001,43.1
3/23/2001,43.1
3/26/2001,43.1
3/27/2001,43.1
3/28/2001,43.1
3/29/2001,43.1
3/30/2001,43.1
4/2/2001,43.1
4/3/2001,43.1
4/4/2001,43.1
4/5/2001,43.1
4/6/2001,43.1
4/9/2001,43.1
4/10/2001,43.1
4/11/2001,43.1
4/12/2001,43.1
4/13/2001,43.1
4/16/2001,43.1
4/17/2001,43.1
4/18/2001,43.1
4/19/2001,43.1
4/20/2001,43.1
4/23/2001,43.1
4/24/2001,43.1
4/25/2001,43.1
4/26/2001,43.1
4/27/2001,43.1
4/30/2001,43.1
5/1/2001,41.3
5/2/2001,41.3
5/3/2001,41.3
5/4/2001,41.3
5/7/2001,41.3
5/8/2001,41.3
5/9/2001,41.3
5/10/2001,41.3
5/11/2001,41.3
5/14/2001,41.3
5/15/2001,41.3
5/16/2001,41.3
5/17/2001,41.3
5/18/2001,41.3
5/21/2001,41.3
5/22/2001,41.3
5/23/2001,41.3
5/24/2001,41.3
5/25/2001,41.3
5/28/2001,41.3
5/29/2001,41.3
5/30/2001,41.3
5/31/2001,41.3
6/1/2001,43.2
6/4/2001,43.2
6/5/2001,43.2
6/6/2001,43.2
6/7/2001,43.2
6/8/2001,43.2
6/11/2001,43.2
6/12/2001,43.2
6/13/2001,43.2
6/14/2001,43.2
6/15/2001,43.2
6/18/2001,43.2
6/19/2001,43.2
6/20/2001,43.2
6/21/2001,43.2
6/22/2001,43.2
6/25/2001,43.2
6/26/2001,43.2
6/27/2001,43.2
6/28/2001,43.2
6/29/2001,43.2
7/2/2001,43.2
7/3/2001,43.2
7/4/2001,43.2
7/5/2001,43.2
7/6/2001,43.2
7/9/2001,43.2
7/10/2001,43.2
7/11/2001,43.2
7/12/2001,43.2
7/13/2001,43.2
7/16/2001,43.2
7/17/2001,43.2
7/18/2001,43.2
7/19/2001,43.2
7/20/2001,43.2
7/23/2001,43.2
7/24/2001,43.2
7/25/2001,43.2
7/26/2001,43.2
7/27/2001,43.2
7/30/2001,43.2
7/31/2001,43.2
8/1/2001,46.3
8/2/2001,46.3
8/3/2001,46.3
8/6/2001,46.3
8/7/2001,46.3
8/8/2001,46.3
8/9/2001,46.3
8/10/2001,46.3
8/13/2001,46.3
8/14/2001,46.3
8/15/2001,46.3
8/16/2001,46.3
8/17/2001,46.3
8/20/2001,46.3
8/21/2001,46.3
8/22/2001,46.3
8/23/2001,46.3
8/24/2001,46.3
8/27/2001,46.3
8/28/2001,46.3
8/29/2001,46.3
8/30/2001,46.3
8/31/2001,46.3
9/3/2001,46.3
9/4/2001,46.3
9/5/2001,46.3
9/6/2001,46.3
9/7/2001,46.3
9/10/2001,46.3
9/11/2001,46.3
9/12/2001,46.3
9/13/2001,46.3
9/14/2001,46.3
9/17/2001,46.3
9/18/2001,46.3
9/19/2001,46.3
9/20/2001,46.3
9/21/2001,46.3
9/24/2001,46.3
9/25/2001,46.3
9/26/2001,46.3
9/27/2001,46.3
9/28/2001,46.3
10/1/2001,40.8
10/2/2001,40.8
10/3/2001,40.8
10/4/2001,40.8
10/5/2001,40.8
10/8/2001,40.8
10/9/2001,40.8
10/10/2001,40.8
10/11/2001,40.8
10/12/2001,40.8
10/15/2001,40.8
10/16/2001,40.8
10/17/2001,40.8
10/18/2001,40.8
10/19/2001,40.8
10/22/2001,40.8
10/23/2001,40.8
10/24/2001,40.8
10/25/2001,40.8
10/26/2001,40.8
10/29/2001,40.8
10/30/2001,40.8
10/31/2001,40.8
11/1/2001,44.1
11/2/2001,44.1
11/5/2001,44.1
11/6/2001,44.1
11/7/2001,44.1
11/8/2001,44.1
11/9/2001,44.1
11/12/2001,44.1
11/13/2001,44.1
11/14/2001,44.1
11/15/2001,44.1
11/16/2001,44.1
11/19/2001,44.1
11/20/2001,44.1
11/21/2001,44.1
11/22/2001,44.1
11/23/2001,44.1
11/26/2001,44.1
11/27/2001,44.1
11/28/2001,44.1
11/29/2001,44.1
11/30/2001,44.1
12/3/2001,44.1
12/4/2001,44.1
12/5/2001,44.1
12/6/2001,44.1
12/7/2001,44.1
12/10/2001,44.1
12/11/2001,44.1
12/12/2001,44.1
12/13/2001,44.1
12/14/2001,44.1
12/17/2001,44.1
12/18/2001,44.1
12/19/2001,44.1
12/20/2001,44.1
12/21/2001,44.1
12/24/2001,44.1
12/25/2001,44.1
12/26/2001,44.1
12/27/2001,44.1
12/28/2001,44.1
12/31/2001,44.1
1/1/2002,47.5
1/2/2002,47.5
1/3/2002,47.5
1/4/2002,47.5
1/7/2002,47.5
1/8/2002,47.5
1/9/2002,47.5
1/10/2002,47.5
1/11/2002,47.5
1/14/2002,47.5
1/15/2002,47.5
1/16/2002,47.5
1/17/2002,47.5
1/18/2002,47.5
1/21/2002,47.5
1/22/2002,47.5
1/23/2002,47.5
1/24/2002,47.5
1/25/2002,47.5
1/28/2002,47.5
1/29/2002,47.5
1/30/2002,47.5
1/31/2002,47.5
2/1/2002,50.7
2/4/2002,50.7
2/5/2002,50.7
2/6/2002,50.7
2/7/2002,50.7
2/8/2002,50.7
2/11/2002,50.7
2/12/2002,50.7
2/13/2002,50.7
2/14/2002,50.7
2/15/2002,50.7
2/18/2002,50.7
2/19/2002,50.7
2/20/2002,50.7
2/21/2002,50.7
2/22/2002,50.7
2/25/2002,50.7
2/26/2002,50.7
2/27/2002,50.7
2/28/2002,50.7
3/1/2002,52.4
3/4/2002,52.4
3/5/2002,52.4
3/6/2002,52.4
3/7/2002,52.4
3/8/2002,52.4
3/11/2002,52.4
3/12/2002,52.4
3/13/2002,52.4
3/14/2002,52.4
3/15/2002,52.4
3/18/2002,52.4
3/19/2002,52.4
3/20/2002,52.4
3/21/2002,52.4
3/22/2002,52.4
3/25/2002,52.4
3/26/2002,52.4
3/27/2002,52.4
3/28/2002,52.4
3/29/2002,52.4
4/1/2002,52.4
4/2/2002,52.4
4/3/2002,52.4
4/4/2002,52.4
4/5/2002,52.4
4/8/2002,52.4
4/9/2002,52.4
4/10/2002,52.4
4/11/2002,52.4
4/12/2002,52.4
4/15/2002,52.4
4/16/2002,52.4
4/17/2002,52.4
4/18/2002,52.4
4/19/2002,52.4
4/22/2002,52.4
4/23/2002,52.4
4/24/2002,52.4
4/25/2002,52.4
4/26/2002,52.4
4/29/2002,52.4
4/30/2002,52.4
5/1/2002,53.1
5/2/2002,53.1
5/3/2002,53.1
5/6/2002,53.1
5/7/2002,53.1
5/8/2002,53.1
5/9/2002,53.1
5/10/2002,53.1
5/13/2002,53.1
5/14/2002,53.1
5/15/2002,53.1
5/16/2002,53.1
5/17/2002,53.1
5/20/2002,53.1
5/21/2002,53.1
5/22/2002,53.1
5/23/2002,53.1
5/24/2002,53.1
5/27/2002,53.1
5/28/2002,53.1
5/29/2002,53.1
5/30/2002,53.1
5/31/2002,53.1
6/3/2002,53.1
6/4/2002,53.1
6/5/2002,53.1
6/6/2002,53.1
6/7/2002,53.1
6/10/2002,53.1
6/11/2002,53.1
6/12/2002,53.1
6/13/2002,53.1
6/14/2002,53.1
6/17/2002,53.1
6/18/2002,53.1
6/19/2002,53.1
6/20/2002,53.1
6/21/2002,53.1
6/24/2002,53.1
6/25/2002,53.1
6/26/2002,53.1
6/27/2002,53.1
6/28/2002,53.1
7/1/2002,50.2
7/2/2002,50.2
7/3/2002,50.2
7/4/2002,50.2
7/5/2002,50.2
7/8/2002,50.2
7/9/2002,50.2
7/10/2002,50.2
7/11/2002,50.2
7/12/2002,50.2
7/15/2002,50.2
7/16/2002,50.2
7/17/2002,50.2
7/18/2002,50.2
7/19/2002,50.2
7/22/2002,50.2
7/23/2002,50.2
7/24/2002,50.2
7/25/2002,50.2
7/26/2002,50.2
7/29/2002,50.2
7/30/2002,50.2
7/31/2002,50.2
8/1/2002,50.3
8/2/2002,50.3
8/5/2002,50.3
8/6/2002,50.3
8/7/2002,50.3
8/8/2002,50.3
8/9/2002,50.3
8/12/2002,50.3
8/13/2002,50.3
8/14/2002,50.3
8/15/2002,50.3
8/16/2002,50.3
8/19/2002,50.3
8/20/2002,50.3
8/21/2002,50.3
8/22/2002,50.3
8/23/2002,50.3
8/26/2002,50.3
8/27/2002,50.3
8/28/2002,50.3
8/29/2002,50.3
8/30/2002,50.3
9/2/2002,50.3
9/3/2002,50.3
9/4/2002,50.3
9/5/2002,50.3
9/6/2002,50.3
9/9/2002,50.3
9/10/2002,50.3
9/11/2002,50.3
9/12/2002,50.3
9/13/2002,50.3
9/16/2002,50.3
9/17/2002,50.3
9/18/2002,50.3
9/19/2002,50.3
9/20/2002,50.3
9/23/2002,50.3
9/24/2002,50.3
9/25/2002,50.3
9/26/2002,50.3
9/27/2002,50.3
9/30/2002,50.3
10/1/2002,49
10/2/2002,49
10/3/2002,49
10/4/2002,49
10/7/2002,49
10/8/2002,49
10/9/2002,49
10/10/2002,49
10/11/2002,49
10/14/2002,49
10/15/2002,49
10/16/2002,49
10/17/2002,49
10/18/2002,49
10/21/2002,49
10/22/2002,49
10/23/2002,49
10/24/2002,49
10/25/2002,49
10/28/2002,49
10/29/2002,49
10/30/2002,49
10/31/2002,49
11/1/2002,48.5
11/4/2002,48.5
11/5/2002,48.5
11/6/2002,48.5
11/7/2002,48.5
11/8/2002,48.5
11/11/2002,48.5
11/12/2002,48.5
11/13/2002,48.5
11/14/2002,48.5
11/15/2002,48.5
11/18/2002,48.5
11/19/2002,48.5
11/20/2002,48.5
11/21/2002,48.5
11/22/2002,48.5
11/25/2002,48.5
11/26/2002,48.5
11/27/2002,48.5
11/28/2002,48.5
11/29/2002,48.5
12/2/2002,48.5
12/3/2002,48.5
12/4/2002,48.5
12/5/2002,48.5
12/6/2002,48.5
12/9/2002,48.5
12/10/2002,48.5
12/11/2002,48.5
12/12/2002,48.5
12/13/2002,48.5
12/16/2002,48.5
12/17/2002,48.5
12/18/2002,48.5
12/19/2002,48.5
12/20/2002,48.5
12/23/2002,48.5
12/24/2002,48.5
12/25/2002,48.5
12/26/2002,48.5
12/27/2002,48.5
12/30/2002,48.5
12/31/2002,48.5
1/1/2003,51.3
1/2/2003,51.3
1/3/2003,51.3
1/6/2003,51.3
1/7/2003,51.3
1/8/2003,51.3
1/9/2003,51.3
1/10/2003,51.3
1/13/2003,51.3
1/14/2003,51.3
1/15/2003,51.3
1/16/2003,51.3
1/17/2003,51.3
1/20/2003,51.3
1/21/2003,51.3
1/22/2003,51.3
1/23/2003,51.3
1/24/2003,51.3
1/27/2003,51.3
1/28/2003,51.3
1/29/2003,51.3
1/30/2003,51.3
1/31/2003,51.3
2/3/2003,51.3
2/4/2003,51.3
2/5/2003,51.3
2/6/2003,51.3
2/7/2003,51.3
2/10/2003,51.3
2/11/2003,51.3
2/12/2003,51.3
2/13/2003,51.3
2/14/2003,51.3
2/17/2003,51.3
2/18/2003,51.3
2/19/2003,51.3
2/20/2003,51.3
2/21/2003,51.3
2/24/2003,51.3
2/25/2003,51.3
2/26/2003,51.3
2/27/2003,51.3
2/28/2003,51.3
3/3/2003,51.3
3/4/2003,51.3
3/5/2003,51.3
3/6/2003,51.3
3/7/2003,51.3
3/10/2003,51.3
3/11/2003,51.3
3/12/2003,51.3
3/13/2003,51.3
3/14/2003,51.3
3/17/2003,51.3
3/18/2003,51.3
3/19/2003,51.3
3/20/2003,51.3
3/21/2003,51.3
3/24/2003,51.3
3/25/2003,51.3
3/26/2003,51.3
3/27/2003,51.3
3/28/2003,51.3
3/31/2003,51.3
4/1/2003,46.1
4/2/2003,46.1
4/3/2003,46.1
4/4/2003,46.1
4/7/2003,46.1
4/8/2003,46.1
4/9/2003,46.1
4/10/2003,46.1
4/11/2003,46.1
4/14/2003,46.1
4/15/2003,46.1
4/16/2003,46.1
4/17/2003,46.1
4/18/2003,46.1
4/21/2003,46.1
4/22/2003,46.1
4/23/2003,46.1
4/24/2003,46.1
4/25/2003,46.1
4/28/2003,46.1
4/29/2003,46.1
4/30/2003,46.1
5/1/2003,49
5/2/2003,49
5/5/2003,49
5/6/2003,49
5/7/2003,49
5/8/2003,49
5/9/2003,49
5/12/2003,49
5/13/2003,49
5/14/2003,49
5/15/2003,49
5/16/2003,49
5/19/2003,49
5/20/2003,49
5/21/2003,49
5/22/2003,49
5/23/2003,49
5/26/2003,49
5/27/2003,49
5/28/2003,49
5/29/2003,49
5/30/2003,49
6/2/2003,49
6/3/2003,49
6/4/2003,49
6/5/2003,49
6/6/2003,49
6/9/2003,49
6/10/2003,49
6/11/2003,49
6/12/2003,49
6/13/2003,49
6/16/2003,49
6/17/2003,49
6/18/2003,49
6/19/2003,49
6/20/2003,49
6/23/2003,49
6/24/2003,49
6/25/2003,49
6/26/2003,49
6/27/2003,49
6/30/2003,49
7/1/2003,51
7/2/2003,51
7/3/2003,51
7/4/2003,51
7/7/2003,51
7/8/2003,51
7/9/2003,51
7/10/2003,51
7/11/2003,51
7/14/2003,51
7/15/2003,51
7/16/2003,51
7/17/2003,51
7/18/2003,51
7/21/2003,51
7/22/2003,51
7/23/2003,51
7/24/2003,51
7/25/2003,51
7/28/2003,51
7/29/2003,51
7/30/2003,51
7/31/2003,51
8/1/2003,53.2
8/4/2003,53.2
8/5/2003,53.2
8/6/2003,53.2
8/7/2003,53.2
8/8/2003,53.2
8/11/2003,53.2
8/12/2003,53.2
8/13/2003,53.2
8/14/2003,53.2
8/15/2003,53.2
8/18/2003,53.2
8/19/2003,53.2
8/20/2003,53.2
8/21/2003,53.2
8/22/2003,53.2
8/25/2003,53.2
8/26/2003,53.2
8/27/2003,53.2
8/28/2003,53.2
8/29/2003,53.2
9/1/2003,52.4
9/2/2003,52.4
9/3/2003,52.4
9/4/2003,52.4
9/5/2003,52.4
9/8/2003,52.4
9/9/2003,52.4
9/10/2003,52.4
9/11/2003,52.4
9/12/2003,52.4
9/15/2003,52.4
9/16/2003,52.4
9/17/2003,52.4
9/18/2003,52.4
9/19/2003,52.4
9/22/2003,52.4
9/23/2003,52.4
9/24/2003,52.4
9/25/2003,52.4
9/26/2003,52.4
9/29/2003,52.4
9/30/2003,52.4
10/1/2003,55.2
10/2/2003,55.2
10/3/2003,55.2
10/6/2003,55.2
10/7/2003,55.2
10/8/2003,55.2
10/9/2003,55.2
10/10/2003,55.2
10/13/2003,55.2
10/14/2003,55.2
10/15/2003,55.2
10/16/2003,55.2
10/17/2003,55.2
10/20/2003,55.2
10/21/2003,55.2
10/22/2003,55.2
10/23/2003,55.2
10/24/2003,55.2
10/27/2003,55.2
10/28/2003,55.2
10/29/2003,55.2
10/30/2003,55.2
10/31/2003,55.2
11/3/2003,55.2
11/4/2003,55.2
11/5/2003,55.2
11/6/2003,55.2
11/7/2003,55.2
11/10/2003,55.2
11/11/2003,55.2
11/12/2003,55.2
11/13/2003,55.2
11/14/2003,55.2
11/17/2003,55.2
11/18/2003,55.2
11/19/2003,55.2
11/20/2003,55.2
11/21/2003,55.2
11/24/2003,55.2
11/25/2003,55.2
11/26/2003,55.2
11/27/2003,55.2
11/28/2003,55.2
12/1/2003,60.1
12/2/2003,60.1
12/3/2003,60.1
12/4/2003,60.1
12/5/2003,60.1
12/8/2003,60.1
12/9/2003,60.1
12/10/2003,60.1
12/11/2003,60.1
12/12/2003,60.1
12/15/2003,60.1
12/16/2003,60.1
12/17/2003,60.1
12/18/2003,60.1
12/19/2003,60.1
12/22/2003,60.1
12/23/2003,60.1
12/24/2003,60.1
12/25/2003,60.1
12/26/2003,60.1
12/29/2003,60.1
12/30/2003,60.1
12/31/2003,60.1
1/1/2004,60.8
1/2/2004,60.8
1/5/2004,60.8
1/6/2004,60.8
1/7/2004,60.8
1/8/2004,60.8
1/9/2004,60.8
1/12/2004,60.8
1/13/2004,60.8
1/14/2004,60.8
1/15/2004,60.8
1/16/2004,60.8
1/19/2004,60.8
1/20/2004,60.8
1/21/2004,60.8
1/22/2004,60.8
1/23/2004,60.8
1/26/2004,60.8
1/27/2004,60.8
1/28/2004,60.8
1/29/2004,60.8
1/30/2004,60.8
2/2/2004,60.8
2/3/2004,60.8
2/4/2004,60.8
2/5/2004,60.8
2/6/2004,60.8
2/9/2004,60.8
2/10/2004,60.8
2/11/2004,60.8
2/12/2004,60.8
2/13/2004,60.8
2/16/2004,60.8
2/17/2004,60.8
2/18/2004,60.8
2/19/2004,60.8
2/20/2004,60.8
2/23/2004,60.8
2/24/2004,60.8
2/25/2004,60.8
2/26/2004,60.8
2/27/2004,60.8
3/1/2004,60.6
3/2/2004,60.6
3/3/2004,60.6
3/4/2004,60.6
3/5/2004,60.6
3/8/2004,60.6
3/9/2004,60.6
3/10/2004,60.6
3/11/2004,60.6
3/12/2004,60.6
3/15/2004,60.6
3/16/2004,60.6
3/17/2004,60.6
3/18/2004,60.6
3/19/2004,60.6
3/22/2004,60.6
3/23/2004,60.6
3/24/2004,60.6
3/25/2004,60.6
3/26/2004,60.6
3/29/2004,60.6
3/30/2004,60.6
3/31/2004,60.6
4/1/2004,60.6
4/2/2004,60.6
4/5/2004,60.6
4/6/2004,60.6
4/7/2004,60.6
4/8/2004,60.6
4/9/2004,60.6
4/12/2004,60.6
4/13/2004,60.6
4/14/2004,60.6
4/15/2004,60.6
4/16/2004,60.6
4/19/2004,60.6
4/20/2004,60.6
4/21/2004,60.6
4/22/2004,60.6
4/23/2004,60.6
4/26/2004,60.6
4/27/2004,60.6
4/28/2004,60.6
4/29/2004,60.6
4/30/2004,60.6
5/3/2004,60.6
5/4/2004,60.6
5/5/2004,60.6
5/6/2004,60.6
5/7/2004,60.6
5/10/2004,60.6
5/11/2004,60.6
5/12/2004,60.6
5/13/2004,60.6
5/14/2004,60.6
5/17/2004,60.6
5/18/2004,60.6
5/19/2004,60.6
5/20/2004,60.6
5/21/2004,60.6
5/24/2004,60.6
5/25/2004,60.6
5/26/2004,60.6
5/27/2004,60.6
5/28/2004,60.6
5/31/2004,60.6
6/1/2004,60.5
6/2/2004,60.5
6/3/2004,60.5
6/4/2004,60.5
6/7/2004,60.5
6/8/2004,60.5
6/9/2004,60.5
6/10/2004,60.5
6/11/2004,60.5
6/14/2004,60.5
6/15/2004,60.5
6/16/2004,60.5
6/17/2004,60.5
6/18/2004,60.5
6/21/2004,60.5
6/22/2004,60.5
6/23/2004,60.5
6/24/2004,60.5
6/25/2004,60.5
6/28/2004,60.5
6/29/2004,60.5
6/30/2004,60.5
7/1/2004,59.9
7/2/2004,59.9
7/5/2004,59.9
7/6/2004,59.9
7/7/2004,59.9
7/8/2004,59.9
7/9/2004,59.9
7/12/2004,59.9
7/13/2004,59.9
7/14/2004,59.9
7/15/2004,59.9
7/16/2004,59.9
7/19/2004,59.9
7/20/2004,59.9
7/21/2004,59.9
7/22/2004,59.9
7/23/2004,59.9
7/26/2004,59.9
7/27/2004,59.9
7/28/2004,59.9
7/29/2004,59.9
7/30/2004,59.9
8/2/2004,59.9
8/3/2004,59.9
8/4/2004,59.9
8/5/2004,59.9
8/6/2004,59.9
8/9/2004,59.9
8/10/2004,59.9
8/11/2004,59.9
8/12/2004,59.9
8/13/2004,59.9
8/16/2004,59.9
8/17/2004,59.9
8/18/2004,59.9
8/19/2004,59.9
8/20/2004,59.9
8/23/2004,59.9
8/24/2004,59.9
8/25/2004,59.9
8/26/2004,59.9
8/27/2004,59.9
8/30/2004,59.9
8/31/2004,59.9
9/1/2004,57.4
9/2/2004,57.4
9/3/2004,57.4
9/6/2004,57.4
9/7/2004,57.4
9/8/2004,57.4
9/9/2004,57.4
9/10/2004,57.4
9/13/2004,57.4
9/14/2004,57.4
9/15/2004,57.4
9/16/2004,57.4
9/17/2004,57.4
9/20/2004,57.4
9/21/2004,57.4
9/22/2004,57.4
9/23/2004,57.4
9/24/2004,57.4
9/27/2004,57.4
9/28/2004,57.4
9/29/2004,57.4
9/30/2004,57.4
10/1/2004,56.3
10/4/2004,56.3
10/5/2004,56.3
10/6/2004,56.3
10/7/2004,56.3
10/8/2004,56.3
10/11/2004,56.3
10/12/2004,56.3
10/13/2004,56.3
10/14/2004,56.3
10/15/2004,56.3
10/18/2004,56.3
10/19/2004,56.3
10/20/2004,56.3
10/21/2004,56.3
10/22/2004,56.3
10/25/2004,56.3
10/26/2004,56.3
10/27/2004,56.3
10/28/2004,56.3
10/29/2004,56.3
11/1/2004,56.2
11/2/2004,56.2
11/3/2004,56.2
11/4/2004,56.2
11/5/2004,56.2
11/8/2004,56.2
11/9/2004,56.2
11/10/2004,56.2
11/11/2004,56.2
11/12/2004,56.2
11/15/2004,56.2
11/16/2004,56.2
11/17/2004,56.2
11/18/2004,56.2
11/19/2004,56.2
11/22/2004,56.2
11/23/2004,56.2
11/24/2004,56.2
11/25/2004,56.2
11/26/2004,56.2
11/29/2004,56.2
11/30/2004,56.2
12/1/2004,57.2
12/2/2004,57.2
12/3/2004,57.2
12/6/2004,57.2
12/7/2004,57.2
12/8/2004,57.2
12/9/2004,57.2
12/10/2004,57.2
12/13/2004,57.2
12/14/2004,57.2
12/15/2004,57.2
12/16/2004,57.2
12/17/2004,57.2
12/20/2004,57.2
12/21/2004,57.2
12/22/2004,57.2
12/23/2004,57.2
12/24/2004,57.2
12/27/2004,57.2
12/28/2004,57.2
12/29/2004,57.2
12/30/2004,57.2
12/31/2004,57.2
1/3/2005,57.2
1/4/2005,57.2
1/5/2005,57.2
1/6/2005,57.2
1/7/2005,57.2
1/10/2005,57.2
1/11/2005,57.2
1/12/2005,57.2
1/13/2005,57.2
1/14/2005,57.2
1/17/2005,57.2
1/18/2005,57.2
1/19/2005,57.2
1/20/2005,57.2
1/21/2005,57.2
1/24/2005,57.2
1/25/2005,57.2
1/26/2005,57.2
1/27/2005,57.2
1/28/2005,57.2
1/31/2005,57.2
2/1/2005,55.5
2/2/2005,55.5
2/3/2005,55.5
2/4/2005,55.5
2/7/2005,55.5
2/8/2005,55.5
2/9/2005,55.5
2/10/2005,55.5
2/11/2005,55.5
2/14/2005,55.5
2/15/2005,55.5
2/16/2005,55.5
2/17/2005,55.5
2/18/2005,55.5
2/21/2005,55.5
2/22/2005,55.5
2/23/2005,55.5
2/24/2005,55.5
2/25/2005,55.5
2/28/2005,55.5
3/1/2005,55.2
3/2/2005,55.2
3/3/2005,55.2
3/4/2005,55.2
3/7/2005,55.2
3/8/2005,55.2
3/9/2005,55.2
3/10/2005,55.2
3/11/2005,55.2
3/14/2005,55.2
3/15/2005,55.2
3/16/2005,55.2
3/17/2005,55.2
3/18/2005,55.2
3/21/2005,55.2
3/22/2005,55.2
3/23/2005,55.2
3/24/2005,55.2
3/25/2005,55.2
3/28/2005,55.2
3/29/2005,55.2
3/30/2005,55.2
3/31/2005,55.2
4/1/2005,52.2
4/4/2005,52.2
4/5/2005,52.2
4/6/2005,52.2
4/7/2005,52.2
4/8/2005,52.2
4/11/2005,52.2
4/12/2005,52.2
4/13/2005,52.2
4/14/2005,52.2
4/15/2005,52.2
4/18/2005,52.2
4/19/2005,52.2
4/20/2005,52.2
4/21/2005,52.2
4/22/2005,52.2
4/25/2005,52.2
4/26/2005,52.2
4/27/2005,52.2
4/28/2005,52.2
4/29/2005,52.2
5/2/2005,52.2
5/3/2005,52.2
5/4/2005,52.2
5/5/2005,52.2
5/6/2005,52.2
5/9/2005,52.2
5/10/2005,52.2
5/11/2005,52.2
5/12/2005,52.2
5/13/2005,52.2
5/16/2005,52.2
5/17/2005,52.2
5/18/2005,52.2
5/19/2005,52.2
5/20/2005,52.2
5/23/2005,52.2
5/24/2005,52.2
5/25/2005,52.2
5/26/2005,52.2
5/27/2005,52.2
5/30/2005,52.2
5/31/2005,52.2
6/1/2005,52.4
6/2/2005,52.4
6/3/2005,52.4
6/6/2005,52.4
6/7/2005,52.4
6/8/2005,52.4
6/9/2005,52.4
6/10/2005,52.4
6/13/2005,52.4
6/14/2005,52.4
6/15/2005,52.4
6/16/2005,52.4
6/17/2005,52.4
6/20/2005,52.4
6/21/2005,52.4
6/22/2005,52.4
6/23/2005,52.4
6/24/2005,52.4
6/27/2005,52.4
6/28/2005,52.4
6/29/2005,52.4
6/30/2005,52.4
7/1/2005,52.8
7/4/2005,52.8
7/5/2005,52.8
7/6/2005,52.8
7/7/2005,52.8
7/8/2005,52.8
7/11/2005,52.8
7/12/2005,52.8
7/13/2005,52.8
7/14/2005,52.8
7/15/2005,52.8
7/18/2005,52.8
7/19/2005,52.8
7/20/2005,52.8
7/21/2005,52.8
7/22/2005,52.8
7/25/2005,52.8
7/26/2005,52.8
7/27/2005,52.8
7/28/2005,52.8
7/29/2005,52.8
8/1/2005,52.4
8/2/2005,52.4
8/3/2005,52.4
8/4/2005,52.4
8/5/2005,52.4
8/8/2005,52.4
8/9/2005,52.4
8/10/2005,52.4
8/11/2005,52.4
8/12/2005,52.4
8/15/2005,52.4
8/16/2005,52.4
8/17/2005,52.4
8/18/2005,52.4
8/19/2005,52.4
8/22/2005,52.4
8/23/2005,52.4
8/24/2005,52.4
8/25/2005,52.4
8/26/2005,52.4
8/29/2005,52.4
8/30/2005,52.4
8/31/2005,52.4
9/1/2005,56.8
9/2/2005,56.8
9/5/2005,56.8
9/6/2005,56.8
9/7/2005,56.8
9/8/2005,56.8
9/9/2005,56.8
9/12/2005,56.8
9/13/2005,56.8
9/14/2005,56.8
9/15/2005,56.8
9/16/2005,56.8
9/19/2005,56.8
9/20/2005,56.8
9/21/2005,56.8
9/22/2005,56.8
9/23/2005,56.8
9/26/2005,56.8
9/27/2005,56.8
9/28/2005,56.8
9/29/2005,56.8
9/30/2005,56.8
10/3/2005,56.8
10/4/2005,56.8
10/5/2005,56.8
10/6/2005,56.8
10/7/2005,56.8
10/10/2005,56.8
10/11/2005,56.8
10/12/2005,56.8
10/13/2005,56.8
10/14/2005,56.8
10/17/2005,56.8
10/18/2005,56.8
10/19/2005,56.8
10/20/2005,56.8
10/21/2005,56.8
10/24/2005,56.8
10/25/2005,56.8
10/26/2005,56.8
10/27/2005,56.8
10/28/2005,56.8
10/31/2005,56.8
11/1/2005,56.7
11/2/2005,56.7
11/3/2005,56.7
11/4/2005,56.7
11/7/2005,56.7
11/8/2005,56.7
11/9/2005,56.7
11/10/2005,56.7
11/11/2005,56.7
11/14/2005,56.7
11/15/2005,56.7
11/16/2005,56.7
11/17/2005,56.7
11/18/2005,56.7
11/21/2005,56.7
11/22/2005,56.7
11/23/2005,56.7
11/24/2005,56.7
11/25/2005,56.7
11/28/2005,56.7
11/29/2005,56.7
11/30/2005,56.7
12/1/2005,55.1
12/2/2005,55.1
12/5/2005,55.1
12/6/2005,55.1
12/7/2005,55.1
12/8/2005,55.1
12/9/2005,55.1
12/12/2005,55.1
12/13/2005,55.1
12/14/2005,55.1
12/15/2005,55.1
12/16/2005,55.1
12/19/2005,55.1
12/20/2005,55.1
12/21/2005,55.1
12/22/2005,55.1
12/23/2005,55.1
12/26/2005,55.1
12/27/2005,55.1
12/28/2005,55.1
12/29/2005,55.1
12/30/2005,55.1
1/2/2006,55.1
1/3/2006,55.1
1/4/2006,55.1
1/5/2006,55.1
1/6/2006,55.1
1/9/2006,55.1
1/10/2006,55.1
1/11/2006,55.1
1/12/2006,55.1
1/13/2006,55.1
1/16/2006,55.1
1/17/2006,55.1
1/18/2006,55.1
1/19/2006,55.1
1/20/2006,55.1
1/23/2006,55.1
1/24/2006,55.1
1/25/2006,55.1
1/26/2006,55.1
1/27/2006,55.1
1/30/2006,55.1
1/31/2006,55.1
2/1/2006,55.8
2/2/2006,55.8
2/3/2006,55.8
2/6/2006,55.8
2/7/2006,55.8
2/8/2006,55.8
2/9/2006,55.8
2/10/2006,55.8
2/13/2006,55.8
2/14/2006,55.8
2/15/2006,55.8
2/16/2006,55.8
2/17/2006,55.8
2/20/2006,55.8
2/21/2006,55.8
2/22/2006,55.8
2/23/2006,55.8
2/24/2006,55.8
2/27/2006,55.8
2/28/2006,55.8
3/1/2006,54.3
3/2/2006,54.3
3/3/2006,54.3
3/6/2006,54.3
3/7/2006,54.3
3/8/2006,54.3
3/9/2006,54.3
3/10/2006,54.3
3/13/2006,54.3
3/14/2006,54.3
3/15/2006,54.3
3/16/2006,54.3
3/17/2006,54.3
3/20/2006,54.3
3/21/2006,54.3
3/22/2006,54.3
3/23/2006,54.3
3/24/2006,54.3
3/27/2006,54.3
3/28/2006,54.3
3/29/2006,54.3
3/30/2006,54.3
3/31/2006,54.3
4/3/2006,54.3
4/4/2006,54.3
4/5/2006,54.3
4/6/2006,54.3
4/7/2006,54.3
4/10/2006,54.3
4/11/2006,54.3
4/12/2006,54.3
4/13/2006,54.3
4/14/2006,54.3
4/17/2006,54.3
4/18/2006,54.3
4/19/2006,54.3
4/20/2006,54.3
4/21/2006,54.3
4/24/2006,54.3
4/25/2006,54.3
4/26/2006,54.3
4/27/2006,54.3
4/28/2006,54.3
5/1/2006,53.7
5/2/2006,53.7
5/3/2006,53.7
5/4/2006,53.7
5/5/2006,53.7
5/8/2006,53.7
5/9/2006,53.7
5/10/2006,53.7
5/11/2006,53.7
5/12/2006,53.7
5/15/2006,53.7
5/16/2006,53.7
5/17/2006,53.7
5/18/2006,53.7
5/19/2006,53.7
5/22/2006,53.7
5/23/2006,53.7
5/24/2006,53.7
5/25/2006,53.7
5/26/2006,53.7
5/29/2006,53.7
5/30/2006,53.7
5/31/2006,53.7
6/1/2006,52
6/2/2006,52
6/5/2006,52
6/6/2006,52
6/7/2006,52
6/8/2006,52
6/9/2006,52
6/12/2006,52
6/13/2006,52
6/14/2006,52
6/15/2006,52
6/16/2006,52
6/19/2006,52
6/20/2006,52
6/21/2006,52
6/22/2006,52
6/23/2006,52
6/26/2006,52
6/27/2006,52
6/28/2006,52
6/29/2006,52
6/30/2006,52
7/3/2006,52
7/4/2006,52
7/5/2006,52
7/6/2006,52
7/7/2006,52
7/10/2006,52
7/11/2006,52
7/12/2006,52
7/13/2006,52
7/14/2006,52
7/17/2006,52
7/18/2006,52
7/19/2006,52
7/20/2006,52
7/21/2006,52
7/24/2006,52
7/25/2006,52
7/26/2006,52
7/27/2006,52
7/28/2006,52
7/31/2006,52
8/1/2006,53.7
8/2/2006,53.7
8/3/2006,53.7
8/4/2006,53.7
8/7/2006,53.7
8/8/2006,53.7
8/9/2006,53.7
8/10/2006,53.7
8/11/2006,53.7
8/14/2006,53.7
8/15/2006,53.7
8/16/2006,53.7
8/17/2006,53.7
8/18/2006,53.7
8/21/2006,53.7
8/22/2006,53.7
8/23/2006,53.7
8/24/2006,53.7
8/25/2006,53.7
8/28/2006,53.7
8/29/2006,53.7
8/30/2006,53.7
8/31/2006,53.7
9/1/2006,52.2
9/4/2006,52.2
9/5/2006,52.2
9/6/2006,52.2
9/7/2006,52.2
9/8/2006,52.2
9/11/2006,52.2
9/12/2006,52.2
9/13/2006,52.2
9/14/2006,52.2
9/15/2006,52.2
9/18/2006,52.2
9/19/2006,52.2
9/20/2006,52.2
9/21/2006,52.2
9/22/2006,52.2
9/25/2006,52.2
9/26/2006,52.2
9/27/2006,52.2
9/28/2006,52.2
9/29/2006,52.2
10/2/2006,52.2
10/3/2006,52.2
10/4/2006,52.2
10/5/2006,52.2
10/6/2006,52.2
10/9/2006,52.2
10/10/2006,52.2
10/11/2006,52.2
10/12/2006,52.2
10/13/2006,52.2
10/16/2006,52.2
10/17/2006,52.2
10/18/2006,52.2
10/19/2006,52.2
10/20/2006,52.2
10/23/2006,52.2
10/24/2006,52.2
10/25/2006,52.2
10/26/2006,52.2
10/27/2006,52.2
10/30/2006,52.2
10/31/2006,52.2
11/1/2006,50.3
11/2/2006,50.3
11/3/2006,50.3
11/6/2006,50.3
11/7/2006,50.3
11/8/2006,50.3
11/9/2006,50.3
11/10/2006,50.3
11/13/2006,50.3
11/14/2006,50.3
11/15/2006,50.3
11/16/2006,50.3
11/17/2006,50.3
11/20/2006,50.3
11/21/2006,50.3
11/22/2006,50.3
11/23/2006,50.3
11/24/2006,50.3
11/27/2006,50.3
11/28/2006,50.3
11/29/2006,50.3
11/30/2006,50.3
12/1/2006,51.4
12/4/2006,51.4
12/5/2006,51.4
12/6/2006,51.4
12/7/2006,51.4
12/8/2006,51.4
12/11/2006,51.4
12/12/2006,51.4
12/13/2006,51.4
12/14/2006,51.4
12/15/2006,51.4
12/18/2006,51.4
12/19/2006,51.4
12/20/2006,51.4
12/21/2006,51.4
12/22/2006,51.4
12/25/2006,51.4
12/26/2006,51.4
12/27/2006,51.4
12/28/2006,51.4
12/29/2006,51.4
1/1/2007,49.5
1/2/2007,49.5
1/3/2007,49.5
1/4/2007,49.5
1/5/2007,49.5
1/8/2007,49.5
1/9/2007,49.5
1/10/2007,49.5
1/11/2007,49.5
1/12/2007,49.5
1/15/2007,49.5
1/16/2007,49.5
1/17/2007,49.5
1/18/2007,49.5
1/19/2007,49.5
1/22/2007,49.5
1/23/2007,49.5
1/24/2007,49.5
1/25/2007,49.5
1/26/2007,49.5
1/29/2007,49.5
1/30/2007,49.5
1/31/2007,49.5
2/1/2007,51.9
2/2/2007,51.9
2/5/2007,51.9
2/6/2007,51.9
2/7/2007,51.9
2/8/2007,51.9
2/9/2007,51.9
2/12/2007,51.9
2/13/2007,51.9
2/14/2007,51.9
2/15/2007,51.9
2/16/2007,51.9
2/19/2007,51.9
2/20/2007,51.9
2/21/2007,51.9
2/22/2007,51.9
2/23/2007,51.9
2/26/2007,51.9
2/27/2007,51.9
2/28/2007,51.9
3/1/2007,50.7
3/2/2007,50.7
3/5/2007,50.7
3/6/2007,50.7
3/7/2007,50.7
3/8/2007,50.7
3/9/2007,50.7
3/12/2007,50.7
3/13/2007,50.7
3/14/2007,50.7
3/15/2007,50.7
3/16/2007,50.7
3/19/2007,50.7
3/20/2007,50.7
3/21/2007,50.7
3/22/2007,50.7
3/23/2007,50.7
3/26/2007,50.7
3/27/2007,50.7
3/28/2007,50.7
3/29/2007,50.7
3/30/2007,50.7
4/2/2007,50.7
4/3/2007,50.7
4/4/2007,50.7
4/5/2007,50.7
4/6/2007,50.7
4/9/2007,50.7
4/10/2007,50.7
4/11/2007,50.7
4/12/2007,50.7
4/13/2007,50.7
4/16/2007,50.7
4/17/2007,50.7
4/18/2007,50.7
4/19/2007,50.7
4/20/2007,50.7
4/23/2007,50.7
4/24/2007,50.7
4/25/2007,50.7
4/26/2007,50.7
4/27/2007,50.7
4/30/2007,50.7
5/1/2007,52.5
5/2/2007,52.5
5/3/2007,52.5
5/4/2007,52.5
5/7/2007,52.5
5/8/2007,52.5
5/9/2007,52.5
5/10/2007,52.5
5/11/2007,52.5
5/14/2007,52.5
5/15/2007,52.5
5/16/2007,52.5
5/17/2007,52.5
5/18/2007,52.5
5/21/2007,52.5
5/22/2007,52.5
5/23/2007,52.5
5/24/2007,52.5
5/25/2007,52.5
5/28/2007,52.5
5/29/2007,52.5
5/30/2007,52.5
5/31/2007,52.5
6/1/2007,52.6
6/4/2007,52.6
6/5/2007,52.6
6/6/2007,52.6
6/7/2007,52.6
6/8/2007,52.6
6/11/2007,52.6
6/12/2007,52.6
6/13/2007,52.6
6/14/2007,52.6
6/15/2007,52.6
6/18/2007,52.6
6/19/2007,52.6
6/20/2007,52.6
6/21/2007,52.6
6/22/2007,52.6
6/25/2007,52.6
6/26/2007,52.6
6/27/2007,52.6
6/28/2007,52.6
6/29/2007,52.6
7/2/2007,52.6
7/3/2007,52.6
7/4/2007,52.6
7/5/2007,52.6
7/6/2007,52.6
7/9/2007,52.6
7/10/2007,52.6
7/11/2007,52.6
7/12/2007,52.6
7/13/2007,52.6
7/16/2007,52.6
7/17/2007,52.6
7/18/2007,52.6
7/19/2007,52.6
7/20/2007,52.6
7/23/2007,52.6
7/24/2007,52.6
7/25/2007,52.6
7/26/2007,52.6
7/27/2007,52.6
7/30/2007,52.6
7/31/2007,52.6
8/1/2007,50.9
8/2/2007,50.9
8/3/2007,50.9
8/6/2007,50.9
8/7/2007,50.9
8/8/2007,50.9
8/9/2007,50.9
8/10/2007,50.9
8/13/2007,50.9
8/14/2007,50.9
8/15/2007,50.9
8/16/2007,50.9
8/17/2007,50.9
8/20/2007,50.9
8/21/2007,50.9
8/22/2007,50.9
8/23/2007,50.9
8/24/2007,50.9
8/27/2007,50.9
8/28/2007,50.9
8/29/2007,50.9
8/30/2007,50.9
8/31/2007,50.9
9/3/2007,50.9
9/4/2007,50.9
9/5/2007,50.9
9/6/2007,50.9
9/7/2007,50.9
9/10/2007,50.9
9/11/2007,50.9
9/12/2007,50.9
9/13/2007,50.9
9/14/2007,50.9
9/17/2007,50.9
9/18/2007,50.9
9/19/2007,50.9
9/20/2007,50.9
9/21/2007,50.9
9/24/2007,50.9
9/25/2007,50.9
9/26/2007,50.9
9/27/2007,50.9
9/28/2007,50.9
10/1/2007,51.1
10/2/2007,51.1
10/3/2007,51.1
10/4/2007,51.1
10/5/2007,51.1
10/8/2007,51.1
10/9/2007,51.1
10/10/2007,51.1
10/11/2007,51.1
10/12/2007,51.1
10/15/2007,51.1
10/16/2007,51.1
10/17/2007,51.1
10/18/2007,51.1
10/19/2007,51.1
10/22/2007,51.1
10/23/2007,51.1
10/24/2007,51.1
10/25/2007,51.1
10/26/2007,51.1
10/29/2007,51.1
10/30/2007,51.1
10/31/2007,51.1
11/1/2007,50.5
11/2/2007,50.5
11/5/2007,50.5
11/6/2007,50.5
11/7/2007,50.5
11/8/2007,50.5
11/9/2007,50.5
11/12/2007,50.5
11/13/2007,50.5
11/14/2007,50.5
11/15/2007,50.5
11/16/2007,50.5
11/19/2007,50.5
11/20/2007,50.5
11/21/2007,50.5
11/22/2007,50.5
11/23/2007,50.5
11/26/2007,50.5
11/27/2007,50.5
11/28/2007,50.5
11/29/2007,50.5
11/30/2007,50.5
12/3/2007,50.5
12/4/2007,50.5
12/5/2007,50.5
12/6/2007,50.5
12/7/2007,50.5
12/10/2007,50.5
12/11/2007,50.5
12/12/2007,50.5
12/13/2007,50.5
12/14/2007,50.5
12/17/2007,50.5
12/18/2007,50.5
12/19/2007,50.5
12/20/2007,50.5
12/21/2007,50.5
12/24/2007,50.5
12/25/2007,50.5
12/26/2007,50.5
12/27/2007,50.5
12/28/2007,50.5
12/31/2007,50.5
1/1/2008,50.3
1/2/2008,50.3
1/3/2008,50.3
1/4/2008,50.3
1/7/2008,50.3
1/8/2008,50.3
1/9/2008,50.3
1/10/2008,50.3
1/11/2008,50.3
1/14/2008,50.3
1/15/2008,50.3
1/16/2008,50.3
1/17/2008,50.3
1/18/2008,50.3
1/21/2008,50.3
1/22/2008,50.3
1/23/2008,50.3
1/24/2008,50.3
1/25/2008,50.3
1/28/2008,50.3
1/29/2008,50.3
1/30/2008,50.3
1/31/2008,50.3
2/1/2008,47.6
2/4/2008,47.6
2/5/2008,47.6
2/6/2008,47.6
2/7/2008,47.6
2/8/2008,47.6
2/11/2008,47.6
2/12/2008,47.6
2/13/2008,47.6
2/14/2008,47.6
2/15/2008,47.6
2/18/2008,47.6
2/19/2008,47.6
2/20/2008,47.6
2/21/2008,47.6
2/22/2008,47.6
2/25/2008,47.6
2/26/2008,47.6
2/27/2008,47.6
2/28/2008,47.6
2/29/2008,47.6
3/3/2008,47.6
3/4/2008,47.6
3/5/2008,47.6
3/6/2008,47.6
3/7/2008,47.6
3/10/2008,47.6
3/11/2008,47.6
3/12/2008,47.6
3/13/2008,47.6
3/14/2008,47.6
3/17/2008,47.6
3/18/2008,47.6
3/19/2008,47.6
3/20/2008,47.6
3/21/2008,47.6
3/24/2008,47.6
3/25/2008,47.6
3/26/2008,47.6
3/27/2008,47.6
3/28/2008,47.6
3/31/2008,47.6
4/1/2008,48.8
4/2/2008,48.8
4/3/2008,48.8
4/4/2008,48.8
4/7/2008,48.8
4/8/2008,48.8
4/9/2008,48.8
4/10/2008,48.8
4/11/2008,48.8
4/14/2008,48.8
4/15/2008,48.8
4/16/2008,48.8
4/17/2008,48.8
4/18/2008,48.8
4/21/2008,48.8
4/22/2008,48.8
4/23/2008,48.8
4/24/2008,48.8
4/25/2008,48.8
4/28/2008,48.8
4/29/2008,48.8
4/30/2008,48.8
5/1/2008,48.8
5/2/2008,48.8
5/5/2008,48.8
5/6/2008,48.8
5/7/2008,48.8
5/8/2008,48.8
5/9/2008,48.8
5/12/2008,48.8
5/13/2008,48.8
5/14/2008,48.8
5/15/2008,48.8
5/16/2008,48.8
5/19/2008,48.8
5/20/2008,48.8
5/21/2008,48.8
5/22/2008,48.8
5/23/2008,48.8
5/26/2008,48.8
5/27/2008,48.8
5/28/2008,48.8
5/29/2008,48.8
5/30/2008,48.8
6/2/2008,48.8
6/3/2008,48.8
6/4/2008,48.8
6/5/2008,48.8
6/6/2008,48.8
6/9/2008,48.8
6/10/2008,48.8
6/11/2008,48.8
6/12/2008,48.8
6/13/2008,48.8
6/16/2008,48.8
6/17/2008,48.8
6/18/2008,48.8
6/19/2008,48.8
6/20/2008,48.8
6/23/2008,48.8
6/24/2008,48.8
6/25/2008,48.8
6/26/2008,48.8
6/27/2008,48.8
6/30/2008,48.8
7/1/2008,50
7/2/2008,50
7/3/2008,50
7/4/2008,50
7/7/2008,50
7/8/2008,50
7/9/2008,50
7/10/2008,50
7/11/2008,50
7/14/2008,50
7/15/2008,50
7/16/2008,50
7/17/2008,50
7/18/2008,50
7/21/2008,50
7/22/2008,50
7/23/2008,50
7/24/2008,50
7/25/2008,50
7/28/2008,50
7/29/2008,50
7/30/2008,50
7/31/2008,50
8/1/2008,49.2
8/4/2008,49.2
8/5/2008,49.2
8/6/2008,49.2
8/7/2008,49.2
8/8/2008,49.2
8/11/2008,49.2
8/12/2008,49.2
8/13/2008,49.2
8/14/2008,49.2
8/15/2008,49.2
8/18/2008,49.2
8/19/2008,49.2
8/20/2008,49.2
8/21/2008,49.2
8/22/2008,49.2
8/25/2008,49.2
8/26/2008,49.2
8/27/2008,49.2
8/28/2008,49.2
8/29/2008,49.2
9/1/2008,44.8
9/2/2008,44.8
9/3/2008,44.8
9/4/2008,44.8
9/5/2008,44.8
9/8/2008,44.8
9/9/2008,44.8
9/10/2008,44.8
9/11/2008,44.8
9/12/2008,44.8
9/15/2008,44.8
9/16/2008,44.8
9/17/2008,44.8
9/18/2008,44.8
9/19/2008,44.8
9/22/2008,44.8
9/23/2008,44.8
9/24/2008,44.8
9/25/2008,44.8
9/26/2008,44.8
9/29/2008,44.8
9/30/2008,44.8
10/1/2008,38.9
10/2/2008,38.9
10/3/2008,38.9
10/6/2008,38.9
10/7/2008,38.9
10/8/2008,38.9
10/9/2008,38.9
10/10/2008,38.9
10/13/2008,38.9
10/14/2008,38.9
10/15/2008,38.9
10/16/2008,38.9
10/17/2008,38.9
10/20/2008,38.9
10/21/2008,38.9
10/22/2008,38.9
10/23/2008,38.9
10/24/2008,38.9
10/27/2008,38.9
10/28/2008,38.9
10/29/2008,38.9
10/30/2008,38.9
10/31/2008,38.9
11/3/2008,38.9
11/4/2008,38.9
11/5/2008,38.9
11/6/2008,38.9
11/7/2008,38.9
11/10/2008,38.9
11/11/2008,38.9
11/12/2008,38.9
11/13/2008,38.9
11/14/2008,38.9
11/17/2008,38.9
11/18/2008,38.9
11/19/2008,38.9
11/20/2008,38.9
11/21/2008,38.9
11/24/2008,38.9
11/25/2008,38.9
11/26/2008,38.9
11/27/2008,38.9
11/28/2008,38.9
12/1/2008,33.1
12/2/2008,33.1
12/3/2008,33.1
12/4/2008,33.1
12/5/2008,33.1
12/8/2008,33.1
12/9/2008,33.1
12/10/2008,33.1
12/11/2008,33.1
12/12/2008,33.1
12/15/2008,33.1
12/16/2008,33.1
12/17/2008,33.1
12/18/2008,33.1
12/19/2008,33.1
12/22/2008,33.1
12/23/2008,33.1
12/24/2008,33.1
12/25/2008,33.1
12/26/2008,33.1
12/29/2008,33.1
12/30/2008,33.1
12/31/2008,33.1
1/1/2009,34.9
1/2/2009,34.9
1/5/2009,34.9
1/6/2009,34.9
1/7/2009,34.9
1/8/2009,34.9
1/9/2009,34.9
1/12/2009,34.9
1/13/2009,34.9
1/14/2009,34.9
1/15/2009,34.9
1/16/2009,34.9
1/19/2009,34.9
1/20/2009,34.9
1/21/2009,34.9
1/22/2009,34.9
1/23/2009,34.9
1/26/2009,34.9
1/27/2009,34.9
1/28/2009,34.9
1/29/2009,34.9
1/30/2009,34.9
2/2/2009,34.9
2/3/2009,34.9
2/4/2009,34.9
2/5/2009,34.9
2/6/2009,34.9
2/9/2009,34.9
2/10/2009,34.9
2/11/2009,34.9
2/12/2009,34.9
2/13/2009,34.9
2/16/2009,34.9
2/17/2009,34.9
2/18/2009,34.9
2/19/2009,34.9
2/20/2009,34.9
2/23/2009,34.9
2/24/2009,34.9
2/25/2009,34.9
2/26/2009,34.9
2/27/2009,34.9
3/2/2009,34.9
3/3/2009,34.9
3/4/2009,34.9
3/5/2009,34.9
3/6/2009,34.9
3/9/2009,34.9
3/10/2009,34.9
3/11/2009,34.9
3/12/2009,34.9
3/13/2009,34.9
3/16/2009,34.9
3/17/2009,34.9
3/18/2009,34.9
3/19/2009,34.9
3/20/2009,34.9
3/23/2009,34.9
3/24/2009,34.9
3/25/2009,34.9
3/26/2009,34.9
3/27/2009,34.9
3/30/2009,34.9
3/31/2009,34.9
4/1/2009,39.5
4/2/2009,39.5
4/3/2009,39.5
4/6/2009,39.5
4/7/2009,39.5
4/8/2009,39.5
4/9/2009,39.5
4/10/2009,39.5
4/13/2009,39.5
4/14/2009,39.5
4/15/2009,39.5
4/16/2009,39.5
4/17/2009,39.5
4/20/2009,39.5
4/21/2009,39.5
4/22/2009,39.5
4/23/2009,39.5
4/24/2009,39.5
4/27/2009,39.5
4/28/2009,39.5
4/29/2009,39.5
4/30/2009,39.5
5/1/2009,41.7
5/4/2009,41.7
5/5/2009,41.7
5/6/2009,41.7
5/7/2009,41.7
5/8/2009,41.7
5/11/2009,41.7
5/12/2009,41.7
5/13/2009,41.7
5/14/2009,41.7
5/15/2009,41.7
5/18/2009,41.7
5/19/2009,41.7
5/20/2009,41.7
5/21/2009,41.7
5/22/2009,41.7
5/25/2009,41.7
5/26/2009,41.7
5/27/2009,41.7
5/28/2009,41.7
5/29/2009,41.7
6/1/2009,45.8
6/2/2009,45.8
6/3/2009,45.8
6/4/2009,45.8
6/5/2009,45.8
6/8/2009,45.8
6/9/2009,45.8
6/10/2009,45.8
6/11/2009,45.8
6/12/2009,45.8
6/15/2009,45.8
6/16/2009,45.8
6/17/2009,45.8
6/18/2009,45.8
6/19/2009,45.8
6/22/2009,45.8
6/23/2009,45.8
6/24/2009,45.8
6/25/2009,45.8
6/26/2009,45.8
6/29/2009,45.8
6/30/2009,45.8
7/1/2009,49.9
7/2/2009,49.9
7/3/2009,49.9
7/6/2009,49.9
7/7/2009,49.9
7/8/2009,49.9
7/9/2009,49.9
7/10/2009,49.9
7/13/2009,49.9
7/14/2009,49.9
7/15/2009,49.9
7/16/2009,49.9
7/17/2009,49.9
7/20/2009,49.9
7/21/2009,49.9
7/22/2009,49.9
7/23/2009,49.9
7/24/2009,49.9
7/27/2009,49.9
7/28/2009,49.9
7/29/2009,49.9
7/30/2009,49.9
7/31/2009,49.9
8/3/2009,49.9
8/4/2009,49.9
8/5/2009,49.9
8/6/2009,49.9
8/7/2009,49.9
8/10/2009,49.9
8/11/2009,49.9
8/12/2009,49.9
8/13/2009,49.9
8/14/2009,49.9
8/17/2009,49.9
8/18/2009,49.9
8/19/2009,49.9
8/20/2009,49.9
8/21/2009,49.9
8/24/2009,49.9
8/25/2009,49.9
8/26/2009,49.9
8/27/2009,49.9
8/28/2009,49.9
8/31/2009,49.9
9/1/2009,54.4
9/2/2009,54.4
9/3/2009,54.4
9/4/2009,54.4
9/7/2009,54.4
9/8/2009,54.4
9/9/2009,54.4
9/10/2009,54.4
9/11/2009,54.4
9/14/2009,54.4
9/15/2009,54.4
9/16/2009,54.4
9/17/2009,54.4
9/18/2009,54.4
9/21/2009,54.4
9/22/2009,54.4
9/23/2009,54.4
9/24/2009,54.4
9/25/2009,54.4
9/28/2009,54.4
9/29/2009,54.4
9/30/2009,54.4
10/1/2009,56
10/2/2009,56
10/5/2009,56
10/6/2009,56
10/7/2009,56
10/8/2009,56
10/9/2009,56
10/12/2009,56
10/13/2009,56
10/14/2009,56
10/15/2009,56
10/16/2009,56
10/19/2009,56
10/20/2009,56
10/21/2009,56
10/22/2009,56
10/23/2009,56
10/26/2009,56
10/27/2009,56
10/28/2009,56
10/29/2009,56
10/30/2009,56
11/2/2009,56
11/3/2009,56
11/4/2009,56
11/5/2009,56
11/6/2009,56
11/9/2009,56
11/10/2009,56
11/11/2009,56
11/12/2009,56
11/13/2009,56
11/16/2009,56
11/17/2009,56
11/18/2009,56
11/19/2009,56
11/20/2009,56
11/23/2009,56
11/24/2009,56
11/25/2009,56
11/26/2009,56
11/27/2009,56
11/30/2009,56
12/1/2009,55.3
12/2/2009,55.3
12/3/2009,55.3
12/4/2009,55.3
12/7/2009,55.3
12/8/2009,55.3
12/9/2009,55.3
12/10/2009,55.3
12/11/2009,55.3
12/14/2009,55.3
12/15/2009,55.3
12/16/2009,55.3
12/17/2009,55.3
12/18/2009,55.3
12/21/2009,55.3
12/22/2009,55.3
12/23/2009,55.3
12/24/2009,55.3
12/25/2009,55.3
12/28/2009,55.3
12/29/2009,55.3
12/30/2009,55.3
12/31/2009,55.3
1/1/2010,57.2
1/4/2010,57.2
1/5/2010,57.2
1/6/2010,57.2
1/7/2010,57.2
1/8/2010,57.2
1/11/2010,57.2
1/12/2010,57.2
1/13/2010,57.2
1/14/2010,57.2
1/15/2010,57.2
1/18/2010,57.2
1/19/2010,57.2
1/20/2010,57.2
1/21/2010,57.2
1/22/2010,57.2
1/25/2010,57.2
1/26/2010,57.2
1/27/2010,57.2
1/28/2010,57.2
1/29/2010,57.2
2/1/2010,55.8
2/2/2010,55.8
2/3/2010,55.8
2/4/2010,55.8
2/5/2010,55.8
2/8/2010,55.8
2/9/2010,55.8
2/10/2010,55.8
2/11/2010,55.8
2/12/2010,55.8
2/15/2010,55.8
2/16/2010,55.8
2/17/2010,55.8
2/18/2010,55.8
2/19/2010,55.8
2/22/2010,55.8
2/23/2010,55.8
2/24/2010,55.8
2/25/2010,55.8
2/26/2010,55.8
3/1/2010,58.8
3/2/2010,58.8
3/3/2010,58.8
3/4/2010,58.8
3/5/2010,58.8
3/8/2010,58.8
3/9/2010,58.8
3/10/2010,58.8
3/11/2010,58.8
3/12/2010,58.8
3/15/2010,58.8
3/16/2010,58.8
3/17/2010,58.8
3/18/2010,58.8
3/19/2010,58.8
3/22/2010,58.8
3/23/2010,58.8
3/24/2010,58.8
3/25/2010,58.8
3/26/2010,58.8
3/29/2010,58.8
3/30/2010,58.8
3/31/2010,58.8
4/1/2010,58.1
4/2/2010,58.1
4/5/2010,58.1
4/6/2010,58.1
4/7/2010,58.1
4/8/2010,58.1
4/9/2010,58.1
4/12/2010,58.1
4/13/2010,58.1
4/14/2010,58.1
4/15/2010,58.1
4/16/2010,58.1
4/19/2010,58.1
4/20/2010,58.1
4/21/2010,58.1
4/22/2010,58.1
4/23/2010,58.1
4/26/2010,58.1
4/27/2010,58.1
4/28/2010,58.1
4/29/2010,58.1
4/30/2010,58.1
5/3/2010,58.1
5/4/2010,58.1
5/5/2010,58.1
5/6/2010,58.1
5/7/2010,58.1
5/10/2010,58.1
5/11/2010,58.1
5/12/2010,58.1
5/13/2010,58.1
5/14/2010,58.1
5/17/2010,58.1
5/18/2010,58.1
5/19/2010,58.1
5/20/2010,58.1
5/21/2010,58.1
5/24/2010,58.1
5/25/2010,58.1
5/26/2010,58.1
5/27/2010,58.1
5/28/2010,58.1
5/31/2010,58.1
6/1/2010,56.4
6/2/2010,56.4
6/3/2010,56.4
6/4/2010,56.4
6/7/2010,56.4
6/8/2010,56.4
6/9/2010,56.4
6/10/2010,56.4
6/11/2010,56.4
6/14/2010,56.4
6/15/2010,56.4
6/16/2010,56.4
6/17/2010,56.4
6/18/2010,56.4
6/21/2010,56.4
6/22/2010,56.4
6/23/2010,56.4
6/24/2010,56.4
6/25/2010,56.4
6/28/2010,56.4
6/29/2010,56.4
6/30/2010,56.4
7/1/2010,56.4
7/2/2010,56.4
7/5/2010,56.4
7/6/2010,56.4
7/7/2010,56.4
7/8/2010,56.4
7/9/2010,56.4
7/12/2010,56.4
7/13/2010,56.4
7/14/2010,56.4
7/15/2010,56.4
7/16/2010,56.4
7/19/2010,56.4
7/20/2010,56.4
7/21/2010,56.4
7/22/2010,56.4
7/23/2010,56.4
7/26/2010,56.4
7/27/2010,56.4
7/28/2010,56.4
7/29/2010,56.4
7/30/2010,56.4
8/2/2010,56.4
8/3/2010,56.4
8/4/2010,56.4
8/5/2010,56.4
8/6/2010,56.4
8/9/2010,56.4
8/10/2010,56.4
8/11/2010,56.4
8/12/2010,56.4
8/13/2010,56.4
8/16/2010,56.4
8/17/2010,56.4
8/18/2010,56.4
8/19/2010,56.4
8/20/2010,56.4
8/23/2010,56.4
8/24/2010,56.4
8/25/2010,56.4
8/26/2010,56.4
8/27/2010,56.4
8/30/2010,56.4
8/31/2010,56.4
9/1/2010,56.3
9/2/2010,56.3
9/3/2010,56.3
9/6/2010,56.3
9/7/2010,56.3
9/8/2010,56.3
9/9/2010,56.3
9/10/2010,56.3
9/13/2010,56.3
9/14/2010,56.3
9/15/2010,56.3
9/16/2010,56.3
9/17/2010,56.3
9/20/2010,56.3
9/21/2010,56.3
9/22/2010,56.3
9/23/2010,56.3
9/24/2010,56.3
9/27/2010,56.3
9/28/2010,56.3
9/29/2010,56.3
9/30/2010,56.3
10/1/2010,57.7
10/4/2010,57.7
10/5/2010,57.7
10/6/2010,57.7
10/7/2010,57.7
10/8/2010,57.7
10/11/2010,57.7
10/12/2010,57.7
10/13/2010,57.7
10/14/2010,57.7
10/15/2010,57.7
10/18/2010,57.7
10/19/2010,57.7
10/20/2010,57.7
10/21/2010,57.7
10/22/2010,57.7
10/25/2010,57.7
10/26/2010,57.7
10/27/2010,57.7
10/28/2010,57.7
10/29/2010,57.7
11/1/2010,57.6
11/2/2010,57.6
11/3/2010,57.6
11/4/2010,57.6
11/5/2010,57.6
11/8/2010,57.6
11/9/2010,57.6
11/10/2010,57.6
11/11/2010,57.6
11/12/2010,57.6
11/15/2010,57.6
11/16/2010,57.6
11/17/2010,57.6
11/18/2010,57.6
11/19/2010,57.6
11/22/2010,57.6
11/23/2010,57.6
11/24/2010,57.6
11/25/2010,57.6
11/26/2010,57.6
11/29/2010,57.6
11/30/2010,57.6
12/1/2010,57.5
12/2/2010,57.5
12/3/2010,57.5
12/6/2010,57.5
12/7/2010,57.5
12/8/2010,57.5
12/9/2010,57.5
12/10/2010,57.5
12/13/2010,57.5
12/14/2010,57.5
12/15/2010,57.5
12/16/2010,57.5
12/17/2010,57.5
12/20/2010,57.5
12/21/2010,57.5
12/22/2010,57.5
12/23/2010,57.5
12/24/2010,57.5
12/27/2010,57.5
12/28/2010,57.5
12/29/2010,57.5
12/30/2010,57.5
12/31/2010,57.5
1/3/2011,57.5
1/4/2011,57.5
1/5/2011,57.5
1/6/2011,57.5
1/7/2011,57.5
1/10/2011,57.5
1/11/2011,57.5
1/12/2011,57.5
1/13/2011,57.5
1/14/2011,57.5
1/17/2011,57.5
1/18/2011,57.5
1/19/2011,57.5
1/20/2011,57.5
1/21/2011,57.5
1/24/2011,57.5
1/25/2011,57.5
1/26/2011,57.5
1/27/2011,57.5
1/28/2011,57.5
1/31/2011,57.5
2/1/2011,59.3
2/2/2011,59.3
2/3/2011,59.3
2/4/2011,59.3
2/7/2011,59.3
2/8/2011,59.3
2/9/2011,59.3
2/10/2011,59.3
2/11/2011,59.3
2/14/2011,59.3
2/15/2011,59.3
2/16/2011,59.3
2/17/2011,59.3
2/18/2011,59.3
2/21/2011,59.3
2/22/2011,59.3
2/23/2011,59.3
2/24/2011,59.3
2/25/2011,59.3
2/28/2011,59.3
3/1/2011,59.1
3/2/2011,59.1
3/3/2011,59.1
3/4/2011,59.1
3/7/2011,59.1
3/8/2011,59.1
3/9/2011,59.1
3/10/2011,59.1
3/11/2011,59.1
3/14/2011,59.1
3/15/2011,59.1
3/16/2011,59.1
3/17/2011,59.1
3/18/2011,59.1
3/21/2011,59.1
3/22/2011,59.1
3/23/2011,59.1
3/24/2011,59.1
3/25/2011,59.1
3/28/2011,59.1
3/29/2011,59.1
3/30/2011,59.1
3/31/2011,59.1
4/1/2011,58.9
4/4/2011,58.9
4/5/2011,58.9
4/6/2011,58.9
4/7/2011,58.9
4/8/2011,58.9
4/11/2011,58.9
4/12/2011,58.9
4/13/2011,58.9
4/14/2011,58.9
4/15/2011,58.9
4/18/2011,58.9
4/19/2011,58.9
4/20/2011,58.9
4/21/2011,58.9
4/22/2011,58.9
4/25/2011,58.9
4/26/2011,58.9
4/27/2011,58.9
4/28/2011,58.9
4/29/2011,58.9
5/2/2011,58.9
5/3/2011,58.9
5/4/2011,58.9
5/5/2011,58.9
5/6/2011,58.9
5/9/2011,58.9
5/10/2011,58.9
5/11/2011,58.9
5/12/2011,58.9
5/13/2011,58.9
5/16/2011,58.9
5/17/2011,58.9
5/18/2011,58.9
5/19/2011,58.9
5/20/2011,58.9
5/23/2011,58.9
5/24/2011,58.9
5/25/2011,58.9
5/26/2011,58.9
5/27/2011,58.9
5/30/2011,58.9
5/31/2011,58.9
6/1/2011,56.6
6/2/2011,56.6
6/3/2011,56.6
6/6/2011,56.6
6/7/2011,56.6
6/8/2011,56.6
6/9/2011,56.6
6/10/2011,56.6
6/13/2011,56.6
6/14/2011,56.6
6/15/2011,56.6
6/16/2011,56.6
6/17/2011,56.6
6/20/2011,56.6
6/21/2011,56.6
6/22/2011,56.6
6/23/2011,56.6
6/24/2011,56.6
6/27/2011,56.6
6/28/2011,56.6
6/29/2011,56.6
6/30/2011,56.6
7/1/2011,52.9
7/4/2011,52.9
7/5/2011,52.9
7/6/2011,52.9
7/7/2011,52.9
7/8/2011,52.9
7/11/2011,52.9
7/12/2011,52.9
7/13/2011,52.9
7/14/2011,52.9
7/15/2011,52.9
7/18/2011,52.9
7/19/2011,52.9
7/20/2011,52.9
7/21/2011,52.9
7/22/2011,52.9
7/25/2011,52.9
7/26/2011,52.9
7/27/2011,52.9
7/28/2011,52.9
7/29/2011,52.9
8/1/2011,53
8/2/2011,53
8/3/2011,53
8/4/2011,53
8/5/2011,53
8/8/2011,53
8/9/2011,53
8/10/2011,53
8/11/2011,53
8/12/2011,53
8/15/2011,53
8/16/2011,53
8/17/2011,53
8/18/2011,53
8/19/2011,53
8/22/2011,53
8/23/2011,53
8/24/2011,53
8/25/2011,53
8/26/2011,53
8/29/2011,53
8/30/2011,53
8/31/2011,53
9/1/2011,52.8
9/2/2011,52.8
9/5/2011,52.8
9/6/2011,52.8
9/7/2011,52.8
9/8/2011,52.8
9/9/2011,52.8
9/12/2011,52.8
9/13/2011,52.8
9/14/2011,52.8
9/15/2011,52.8
9/16/2011,52.8
9/19/2011,52.8
9/20/2011,52.8
9/21/2011,52.8
9/22/2011,52.8
9/23/2011,52.8
9/26/2011,52.8
9/27/2011,52.8
9/28/2011,52.8
9/29/2011,52.8
9/30/2011,52.8
10/3/2011,52.8
10/4/2011,52.8
10/5/2011,52.8
10/6/2011,52.8
10/7/2011,52.8
10/10/2011,52.8
10/11/2011,52.8
10/12/2011,52.8
10/13/2011,52.8
10/14/2011,52.8
10/17/2011,52.8
10/18/2011,52.8
10/19/2011,52.8
10/20/2011,52.8
10/21/2011,52.8
10/24/2011,52.8
10/25/2011,52.8
10/26/2011,52.8
10/27/2011,52.8
10/28/2011,52.8
10/31/2011,52.8
11/1/2011,52.1
11/2/2011,52.1
11/3/2011,52.1
11/4/2011,52.1
11/7/2011,52.1
11/8/2011,52.1
11/9/2011,52.1
11/10/2011,52.1
11/11/2011,52.1
11/14/2011,52.1
11/15/2011,52.1
11/16/2011,52.1
11/17/2011,52.1
11/18/2011,52.1
11/21/2011,52.1
11/22/2011,52.1
11/23/2011,52.1
11/24/2011,52.1
11/25/2011,52.1
11/28/2011,52.1
11/29/2011,52.1
11/30/2011,52.1
12/1/2011,53.1
12/2/2011,53.1
12/5/2011,53.1
12/6/2011,53.1
12/7/2011,53.1
12/8/2011,53.1
12/9/2011,53.1
12/12/2011,53.1
12/13/2011,53.1
12/14/2011,53.1
12/15/2011,53.1
12/16/2011,53.1
12/19/2011,53.1
12/20/2011,53.1
12/21/2011,53.1
12/22/2011,53.1
12/23/2011,53.1
12/26/2011,53.1
12/27/2011,53.1
12/28/2011,53.1
12/29/2011,53.1
12/30/2011,53.1
1/2/2012,53.1
1/3/2012,53.1
1/4/2012,53.1
1/5/2012,53.1
1/6/2012,53.1
1/9/2012,53.1
1/10/2012,53.1
1/11/2012,53.1
1/12/2012,53.1
1/13/2012,53.1
1/16/2012,53.1
1/17/2012,53.1
1/18/2012,53.1
1/19/2012,53.1
1/20/2012,53.1
1/23/2012,53.1
1/24/2012,53.1
1/25/2012,53.1
1/26/2012,53.1
1/27/2012,53.1
1/30/2012,53.1
1/31/2012,53.1
2/1/2012,52.4
2/2/2012,52.4
2/3/2012,52.4
2/6/2012,52.4
2/7/2012,52.4
2/8/2012,52.4
2/9/2012,52.4
2/10/2012,52.4
2/13/2012,52.4
2/14/2012,52.4
2/15/2012,52.4
2/16/2012,52.4
2/17/2012,52.4
2/20/2012,52.4
2/21/2012,52.4
2/22/2012,52.4
2/23/2012,52.4
2/24/2012,52.4
2/27/2012,52.4
2/28/2012,52.4
2/29/2012,52.4
3/1/2012,53
3/2/2012,53
3/5/2012,53
3/6/2012,53
3/7/2012,53
3/8/2012,53
3/9/2012,53
3/12/2012,53
3/13/2012,53
3/14/2012,53
3/15/2012,53
3/16/2012,53
3/19/2012,53
3/20/2012,53
3/21/2012,53
3/22/2012,53
3/23/2012,53
3/26/2012,53
3/27/2012,53
3/28/2012,53
3/29/2012,53
3/30/2012,53
4/2/2012,53
4/3/2012,53
4/4/2012,53
4/5/2012,53
4/6/2012,53
4/9/2012,53
4/10/2012,53
4/11/2012,53
4/12/2012,53
4/13/2012,53
4/16/2012,53
4/17/2012,53
4/18/2012,53
4/19/2012,53
4/20/2012,53
4/23/2012,53
4/24/2012,53
4/25/2012,53
4/26/2012,53
4/27/2012,53
4/30/2012,53
5/1/2012,53.2
5/2/2012,53.2
5/3/2012,53.2
5/4/2012,53.2
5/7/2012,53.2
5/8/2012,53.2
5/9/2012,53.2
5/10/2012,53.2
5/11/2012,53.2
5/14/2012,53.2
5/15/2012,53.2
5/16/2012,53.2
5/17/2012,53.2
5/18/2012,53.2
5/21/2012,53.2
5/22/2012,53.2
5/23/2012,53.2
5/24/2012,53.2
5/25/2012,53.2
5/28/2012,53.2
5/29/2012,53.2
5/30/2012,53.2
5/31/2012,53.2
6/1/2012,51
6/4/2012,51
6/5/2012,51
6/6/2012,51
6/7/2012,51
6/8/2012,51
6/11/2012,51
6/12/2012,51
6/13/2012,51
6/14/2012,51
6/15/2012,51
6/18/2012,51
6/19/2012,51
6/20/2012,51
6/21/2012,51
6/22/2012,51
6/25/2012,51
6/26/2012,51
6/27/2012,51
6/28/2012,51
6/29/2012,51
7/2/2012,51
7/3/2012,51
7/4/2012,51
7/5/2012,51
7/6/2012,51
7/9/2012,51
7/10/2012,51
7/11/2012,51
7/12/2012,51
7/13/2012,51
7/16/2012,51
7/17/2012,51
7/18/2012,51
7/19/2012,51
7/20/2012,51
7/23/2012,51
7/24/2012,51
7/25/2012,51
7/26/2012,51
7/27/2012,51
7/30/2012,51
7/31/2012,51
8/1/2012,51.1
8/2/2012,51.1
8/3/2012,51.1
8/6/2012,51.1
8/7/2012,51.1
8/8/2012,51.1
8/9/2012,51.1
8/10/2012,51.1
8/13/2012,51.1
8/14/2012,51.1
8/15/2012,51.1
8/16/2012,51.1
8/17/2012,51.1
8/20/2012,51.1
8/21/2012,51.1
8/22/2012,51.1
8/23/2012,51.1
8/24/2012,51.1
8/27/2012,51.1
8/28/2012,51.1
8/29/2012,51.1
8/30/2012,51.1
8/31/2012,51.1
9/3/2012,51.1
9/4/2012,51.1
9/5/2012,51.1
9/6/2012,51.1
9/7/2012,51.1
9/10/2012,51.1
9/11/2012,51.1
9/12/2012,51.1
9/13/2012,51.1
9/14/2012,51.1
9/17/2012,51.1
9/18/2012,51.1
9/19/2012,51.1
9/20/2012,51.1
9/21/2012,51.1
9/24/2012,51.1
9/25/2012,51.1
9/26/2012,51.1
9/27/2012,51.1
9/28/2012,51.1
10/1/2012,51.2
10/2/2012,51.2
10/3/2012,51.2
10/4/2012,51.2
10/5/2012,51.2
10/8/2012,51.2
10/9/2012,51.2
10/10/2012,51.2
10/11/2012,51.2
10/12/2012,51.2
10/15/2012,51.2
10/16/2012,51.2
10/17/2012,51.2
10/18/2012,51.2
10/19/2012,51.2
10/22/2012,51.2
10/23/2012,51.2
10/24/2012,51.2
10/25/2012,51.2
10/26/2012,51.2
10/29/2012,51.2
10/30/2012,51.2
10/31/2012,51.2
11/1/2012,49.5
11/2/2012,49.5
11/5/2012,49.5
11/6/2012,49.5
11/7/2012,49.5
11/8/2012,49.5
11/9/2012,49.5
11/12/2012,49.5
11/13/2012,49.5
11/14/2012,49.5
11/15/2012,49.5
11/16/2012,49.5
11/19/2012,49.5
11/20/2012,49.5
11/21/2012,49.5
11/22/2012,49.5
11/23/2012,49.5
11/26/2012,49.5
11/27/2012,49.5
11/28/2012,49.5
11/29/2012,49.5
11/30/2012,49.5
12/3/2012,49.5
12/4/2012,49.5
12/5/2012,49.5
12/6/2012,49.5
12/7/2012,49.5
12/10/2012,49.5
12/11/2012,49.5
12/12/2012,49.5
12/13/2012,49.5
12/14/2012,49.5
12/17/2012,49.5
12/18/2012,49.5
12/19/2012,49.5
12/20/2012,49.5
12/21/2012,49.5
12/24/2012,49.5
12/25/2012,49.5
12/26/2012,49.5
12/27/2012,49.5
12/28/2012,49.5
12/31/2012,49.5
1/1/2013,52.3
1/2/2013,52.3
1/3/2013,52.3
1/4/2013,52.3
1/7/2013,52.3
1/8/2013,52.3
1/9/2013,52.3
1/10/2013,52.3
1/11/2013,52.3
1/14/2013,52.3
1/15/2013,52.3
1/16/2013,52.3
1/17/2013,52.3
1/18/2013,52.3
1/21/2013,52.3
1/22/2013,52.3
1/23/2013,52.3
1/24/2013,52.3
1/25/2013,52.3
1/28/2013,52.3
1/29/2013,52.3
1/30/2013,52.3
1/31/2013,52.3
2/1/2013,53.1
2/4/2013,53.1
2/5/2013,53.1
2/6/2013,53.1
2/7/2013,53.1
2/8/2013,53.1
2/11/2013,53.1
2/12/2013,53.1
2/13/2013,53.1
2/14/2013,53.1
2/15/2013,53.1
2/18/2013,53.1
2/19/2013,53.1
2/20/2013,53.1
2/21/2013,53.1
2/22/2013,53.1
2/25/2013,53.1
2/26/2013,53.1
2/27/2013,53.1
2/28/2013,53.1
3/1/2013,51.5
3/4/2013,51.5
3/5/2013,51.5
3/6/2013,51.5
3/7/2013,51.5
3/8/2013,51.5
3/11/2013,51.5
3/12/2013,51.5
3/13/2013,51.5
3/14/2013,51.5
3/15/2013,51.5
3/18/2013,51.5
3/19/2013,51.5
3/20/2013,51.5
3/21/2013,51.5
3/22/2013,51.5
3/25/2013,51.5
3/26/2013,51.5
3/27/2013,51.5
3/28/2013,51.5
3/29/2013,51.5
4/1/2013,50
4/2/2013,50
4/3/2013,50
4/4/2013,50
4/5/2013,50
4/8/2013,50
4/9/2013,50
4/10/2013,50
4/11/2013,50
4/12/2013,50
4/15/2013,50
4/16/2013,50
4/17/2013,50
4/18/2013,50
4/19/2013,50
4/22/2013,50
4/23/2013,50
4/24/2013,50
4/25/2013,50
4/26/2013,50
4/29/2013,50
4/30/2013,50
5/1/2013,50
5/2/2013,50
5/3/2013,50
5/6/2013,50
5/7/2013,50
5/8/2013,50
5/9/2013,50
5/10/2013,50
5/13/2013,50
5/14/2013,50
5/15/2013,50
5/16/2013,50
5/17/2013,50
5/20/2013,50
5/21/2013,50
5/22/2013,50
5/23/2013,50
5/24/2013,50
5/27/2013,50
5/28/2013,50
5/29/2013,50
5/30/2013,50
5/31/2013,50
6/3/2013,50
6/4/2013,50
6/5/2013,50
6/6/2013,50
6/7/2013,50
6/10/2013,50
6/11/2013,50
6/12/2013,50
6/13/2013,50
6/14/2013,50
6/17/2013,50
6/18/2013,50
6/19/2013,50
6/20/2013,50
6/21/2013,50
6/24/2013,50
6/25/2013,50
6/26/2013,50
6/27/2013,50
6/28/2013,50
7/1/2013,54.9
7/2/2013,54.9
7/3/2013,54.9
7/4/2013,54.9
7/5/2013,54.9
7/8/2013,54.9
7/9/2013,54.9
7/10/2013,54.9
7/11/2013,54.9
7/12/2013,54.9
7/15/2013,54.9
7/16/2013,54.9
7/17/2013,54.9
7/18/2013,54.9
7/19/2013,54.9
7/22/2013,54.9
7/23/2013,54.9
7/24/2013,54.9
7/25/2013,54.9
7/26/2013,54.9
7/29/2013,54.9
7/30/2013,54.9
7/31/2013,54.9
8/1/2013,56.3
8/2/2013,56.3
8/5/2013,56.3
8/6/2013,56.3
8/7/2013,56.3
8/8/2013,56.3
8/9/2013,56.3
8/12/2013,56.3
8/13/2013,56.3
8/14/2013,56.3
8/15/2013,56.3
8/16/2013,56.3
8/19/2013,56.3
8/20/2013,56.3
8/21/2013,56.3
8/22/2013,56.3
8/23/2013,56.3
8/26/2013,56.3
8/27/2013,56.3
8/28/2013,56.3
8/29/2013,56.3
8/30/2013,56.3
9/2/2013,56.3
9/3/2013,56.3
9/4/2013,56.3
9/5/2013,56.3
9/6/2013,56.3
9/9/2013,56.3
9/10/2013,56.3
9/11/2013,56.3
9/12/2013,56.3
9/13/2013,56.3
9/16/2013,56.3
9/17/2013,56.3
9/18/2013,56.3
9/19/2013,56.3
9/20/2013,56.3
9/23/2013,56.3
9/24/2013,56.3
9/25/2013,56.3
9/26/2013,56.3
9/27/2013,56.3
9/30/2013,56.3
10/1/2013,56.6
10/2/2013,56.6
10/3/2013,56.6
10/4/2013,56.6
10/7/2013,56.6
10/8/2013,56.6
10/9/2013,56.6
10/10/2013,56.6
10/11/2013,56.6
10/14/2013,56.6
10/15/2013,56.6
10/16/2013,56.6
10/17/2013,56.6
10/18/2013,56.6
10/21/2013,56.6
10/22/2013,56.6
10/23/2013,56.6
10/24/2013,56.6
10/25/2013,56.6
10/28/2013,56.6
10/29/2013,56.6
10/30/2013,56.6
10/31/2013,56.6
11/1/2013,57
11/4/2013,57
11/5/2013,57
11/6/2013,57
11/7/2013,57
11/8/2013,57
11/11/2013,57
11/12/2013,57
11/13/2013,57
11/14/2013,57
11/15/2013,57
11/18/2013,57
11/19/2013,57
11/20/2013,57
11/21/2013,57
11/22/2013,57
11/25/2013,57
11/26/2013,57
11/27/2013,57
11/28/2013,57
11/29/2013,57
12/2/2013,57
12/3/2013,57
12/4/2013,57
12/5/2013,57
12/6/2013,57
12/9/2013,57
12/10/2013,57
12/11/2013,57
12/12/2013,57
12/13/2013,57
12/16/2013,57
12/17/2013,57
12/18/2013,57
12/19/2013,57
12/20/2013,57
12/23/2013,57
12/24/2013,57
12/25/2013,57
12/26/2013,57
12/27/2013,57
12/30/2013,57
12/31/2013,57
1/1/2014,51.3
1/2/2014,51.3
1/3/2014,51.3
1/6/2014,51.3
1/7/2014,51.3
1/8/2014,51.3
1/9/2014,51.3
1/10/2014,51.3
1/13/2014,51.3
1/14/2014,51.3
1/15/2014,51.3
1/16/2014,51.3
1/17/2014,51.3
1/20/2014,51.3
1/21/2014,51.3
1/22/2014,51.3
1/23/2014,51.3
1/24/2014,51.3
1/27/2014,51.3
1/28/2014,51.3
1/29/2014,51.3
1/30/2014,51.3
1/31/2014,51.3
2/3/2014,51.3
2/4/2014,51.3
2/5/2014,51.3
2/6/2014,51.3
2/7/2014,51.3
2/10/2014,51.3
2/11/2014,51.3
2/12/2014,51.3
2/13/2014,51.3
2/14/2014,51.3
2/17/2014,51.3
2/18/2014,51.3
2/19/2014,51.3
2/20/2014,51.3
2/21/2014,51.3
2/24/2014,51.3
2/25/2014,51.3
2/26/2014,51.3
2/27/2014,51.3
2/28/2014,51.3
3/3/2014,51.3
3/4/2014,51.3
3/5/2014,51.3
3/6/2014,51.3
3/7/2014,51.3
3/10/2014,51.3
3/11/2014,51.3
3/12/2014,51.3
3/13/2014,51.3
3/14/2014,51.3
3/17/2014,51.3
3/18/2014,51.3
3/19/2014,51.3
3/20/2014,51.3
3/21/2014,51.3
3/24/2014,51.3
3/25/2014,51.3
3/26/2014,51.3
3/27/2014,51.3
3/28/2014,51.3
3/31/2014,51.3
4/1/2014,55.3
4/2/2014,55.3
4/3/2014,55.3
4/4/2014,55.3
4/7/2014,55.3
4/8/2014,55.3
4/9/2014,55.3
4/10/2014,55.3
4/11/2014,55.3
4/14/2014,55.3
4/15/2014,55.3
4/16/2014,55.3
4/17/2014,55.3
4/18/2014,55.3
4/21/2014,55.3
4/22/2014,55.3
4/23/2014,55.3
4/24/2014,55.3
4/25/2014,55.3
4/28/2014,55.3
4/29/2014,55.3
4/30/2014,55.3
5/1/2014,55.6
5/2/2014,55.6
5/5/2014,55.6
5/6/2014,55.6
5/7/2014,55.6
5/8/2014,55.6
5/9/2014,55.6
5/12/2014,55.6
5/13/2014,55.6
5/14/2014,55.6
5/15/2014,55.6
5/16/2014,55.6
5/19/2014,55.6
5/20/2014,55.6
5/21/2014,55.6
5/22/2014,55.6
5/23/2014,55.6
5/26/2014,55.6
5/27/2014,55.6
5/28/2014,55.6
5/29/2014,55.6
5/30/2014,55.6
6/2/2014,55.6
6/3/2014,55.6
6/4/2014,55.6
6/5/2014,55.6
6/6/2014,55.6
6/9/2014,55.6
6/10/2014,55.6
6/11/2014,55.6
6/12/2014,55.6
6/13/2014,55.6
6/16/2014,55.6
6/17/2014,55.6
6/18/2014,55.6
6/19/2014,55.6
6/20/2014,55.6
6/23/2014,55.6
6/24/2014,55.6
6/25/2014,55.6
6/26/2014,55.6
6/27/2014,55.6
6/30/2014,55.6
7/1/2014,56.4
7/2/2014,56.4
7/3/2014,56.4
7/4/2014,56.4
7/7/2014,56.4
7/8/2014,56.4
7/9/2014,56.4
7/10/2014,56.4
7/11/2014,56.4
7/14/2014,56.4
7/15/2014,56.4
7/16/2014,56.4
7/17/2014,56.4
7/18/2014,56.4
7/21/2014,56.4
7/22/2014,56.4
7/23/2014,56.4
7/24/2014,56.4
7/25/2014,56.4
7/28/2014,56.4
7/29/2014,56.4
7/30/2014,56.4
7/31/2014,56.4
8/1/2014,58.1
8/4/2014,58.1
8/5/2014,58.1
8/6/2014,58.1
8/7/2014,58.1
8/8/2014,58.1
8/11/2014,58.1
8/12/2014,58.1
8/13/2014,58.1
8/14/2014,58.1
8/15/2014,58.1
8/18/2014,58.1
8/19/2014,58.1
8/20/2014,58.1
8/21/2014,58.1
8/22/2014,58.1
8/25/2014,58.1
8/26/2014,58.1
8/27/2014,58.1
8/28/2014,58.1
8/29/2014,58.1
9/1/2014,56.1
9/2/2014,56.1
9/3/2014,56.1
9/4/2014,56.1
9/5/2014,56.1
9/8/2014,56.1
9/9/2014,56.1
9/10/2014,56.1
9/11/2014,56.1
9/12/2014,56.1
9/15/2014,56.1
9/16/2014,56.1
9/17/2014,56.1
9/18/2014,56.1
9/19/2014,56.1
9/22/2014,56.1
9/23/2014,56.1
9/24/2014,56.1
9/25/2014,56.1
9/26/2014,56.1
9/29/2014,56.1
9/30/2014,56.1
10/1/2014,57.9
10/2/2014,57.9
10/3/2014,57.9
10/6/2014,57.9
10/7/2014,57.9
10/8/2014,57.9
10/9/2014,57.9
10/10/2014,57.9
10/13/2014,57.9
10/14/2014,57.9
10/15/2014,57.9
10/16/2014,57.9
10/17/2014,57.9
10/20/2014,57.9
10/21/2014,57.9
10/22/2014,57.9
10/23/2014,57.9
10/24/2014,57.9
10/27/2014,57.9
10/28/2014,57.9
10/29/2014,57.9
10/30/2014,57.9
10/31/2014,57.9
11/3/2014,57.9
11/4/2014,57.9
11/5/2014,57.9
11/6/2014,57.9
11/7/2014,57.9
11/10/2014,57.9
11/11/2014,57.9
11/12/2014,57.9
11/13/2014,57.9
11/14/2014,57.9
11/17/2014,57.9
11/18/2014,57.9
11/19/2014,57.9
11/20/2014,57.9
11/21/2014,57.9
11/24/2014,57.9
11/25/2014,57.9
11/26/2014,57.9
11/27/2014,57.9
11/28/2014,57.9
12/1/2014,55.1
12/2/2014,55.1
12/3/2014,55.1
12/4/2014,55.1
12/5/2014,55.1
12/8/2014,55.1
12/9/2014,55.1
12/10/2014,55.1
12/11/2014,55.1
12/12/2014,55.1
12/15/2014,55.1
12/16/2014,55.1
12/17/2014,55.1
12/18/2014,55.1
12/19/2014,55.1
12/22/2014,55.1
12/23/2014,55.1
12/24/2014,55.1
12/25/2014,55.1
12/26/2014,55.1
12/29/2014,55.1
12/30/2014,55.1
12/31/2014,55.1
1/1/2015,53.5
1/2/2015,53.5
1/5/2015,53.5
1/6/2015,53.5
1/7/2015,53.5
1/8/2015,53.5
1/9/2015,53.5
1/12/2015,53.5
1/13/2015,53.5
1/14/2015,53.5
1/15/2015,53.5
1/16/2015,53.5
1/19/2015,53.5
1/20/2015,53.5
1/21/2015,53.5
1/22/2015,53.5
1/23/2015,53.5
1/26/2015,53.5
1/27/2015,53.5
1/28/2015,53.5
1/29/2015,53.5
1/30/2015,53.5
2/2/2015,53.5
2/3/2015,53.5
2/4/2015,53.5
2/5/2015,53.5
2/6/2015,53.5
2/9/2015,53.5
2/10/2015,53.5
2/11/2015,53.5
2/12/2015,53.5
2/13/2015,53.5
2/16/2015,53.5
2/17/2015,53.5
2/18/2015,53.5
2/19/2015,53.5
2/20/2015,53.5
2/23/2015,53.5
2/24/2015,53.5
2/25/2015,53.5
2/26/2015,53.5
2/27/2015,53.5
3/2/2015,53.5
3/3/2015,53.5
3/4/2015,53.5
3/5/2015,53.5
3/6/2015,53.5
3/9/2015,53.5
3/10/2015,53.5
3/11/2015,53.5
3/12/2015,53.5
3/13/2015,53.5
3/16/2015,53.5
3/17/2015,53.5
3/18/2015,53.5
3/19/2015,53.5
3/20/2015,53.5
3/23/2015,53.5
3/24/2015,53.5
3/25/2015,53.5
3/26/2015,53.5
3/27/2015,53.5
3/30/2015,53.5
3/31/2015,53.5
4/1/2015,51.5
4/2/2015,51.5
4/3/2015,51.5
4/6/2015,51.5
4/7/2015,51.5
4/8/2015,51.5
4/9/2015,51.5
4/10/2015,51.5
4/13/2015,51.5
4/14/2015,51.5
4/15/2015,51.5
4/16/2015,51.5
4/17/2015,51.5
4/20/2015,51.5
4/21/2015,51.5
4/22/2015,51.5
4/23/2015,51.5
4/24/2015,51.5
4/27/2015,51.5
4/28/2015,51.5
4/29/2015,51.5
4/30/2015,51.5
5/1/2015,52.8
5/4/2015,52.8
5/5/2015,52.8
5/6/2015,52.8
5/7/2015,52.8
5/8/2015,52.8
5/11/2015,52.8
5/12/2015,52.8
5/13/2015,52.8
5/14/2015,52.8
5/15/2015,52.8
5/18/2015,52.8
5/19/2015,52.8
5/20/2015,52.8
5/21/2015,52.8
5/22/2015,52.8
5/25/2015,52.8
5/26/2015,52.8
5/27/2015,52.8
5/28/2015,52.8
5/29/2015,52.8
6/1/2015,53.5
6/2/2015,53.5
6/3/2015,53.5
6/4/2015,53.5
6/5/2015,53.5
6/8/2015,53.5
6/9/2015,53.5
6/10/2015,53.5
6/11/2015,53.5
6/12/2015,53.5
6/15/2015,53.5
6/16/2015,53.5
6/17/2015,53.5
6/18/2015,53.5
6/19/2015,53.5
6/22/2015,53.5
6/23/2015,53.5
6/24/2015,53.5
6/25/2015,53.5
6/26/2015,53.5
6/29/2015,53.5
6/30/2015,53.5
7/1/2015,52.7
7/2/2015,52.7
7/3/2015,52.7
7/6/2015,52.7
7/7/2015,52.7
7/8/2015,52.7
7/9/2015,52.7
7/10/2015,52.7
7/13/2015,52.7
7/14/2015,52.7
7/15/2015,52.7
7/16/2015,52.7
7/17/2015,52.7
7/20/2015,52.7
7/21/2015,52.7
7/22/2015,52.7
7/23/2015,52.7
7/24/2015,52.7
7/27/2015,52.7
7/28/2015,52.7
7/29/2015,52.7
7/30/2015,52.7
7/31/2015,52.7
8/3/2015,52.7
8/4/2015,52.7
8/5/2015,52.7
8/6/2015,52.7
8/7/2015,52.7
8/10/2015,52.7
8/11/2015,52.7
8/12/2015,52.7
8/13/2015,52.7
8/14/2015,52.7
8/17/2015,52.7
8/18/2015,52.7
8/19/2015,52.7
8/20/2015,52.7
8/21/2015,52.7
8/24/2015,52.7
8/25/2015,52.7
8/26/2015,52.7
8/27/2015,52.7
8/28/2015,52.7
8/31/2015,52.7
9/1/2015,50.2
9/2/2015,50.2
9/3/2015,50.2
9/4/2015,50.2
9/7/2015,50.2
9/8/2015,50.2
9/9/2015,50.2
9/10/2015,50.2
9/11/2015,50.2
9/14/2015,50.2
9/15/2015,50.2
9/16/2015,50.2
9/17/2015,50.2
9/18/2015,50.2
9/21/2015,50.2
9/22/2015,50.2
9/23/2015,50.2
9/24/2015,50.2
9/25/2015,50.2
9/28/2015,50.2
9/29/2015,50.2
9/30/2015,50.2
10/1/2015,49.4
10/2/2015,49.4
10/5/2015,49.4
10/6/2015,49.4
10/7/2015,49.4
10/8/2015,49.4
10/9/2015,49.4
10/12/2015,49.4
10/13/2015,49.4
10/14/2015,49.4
10/15/2015,49.4
10/16/2015,49.4
10/19/2015,49.4
10/20/2015,49.4
10/21/2015,49.4
10/22/2015,49.4
10/23/2015,49.4
10/26/2015,49.4
10/27/2015,49.4
10/28/2015,49.4
10/29/2015,49.4
10/30/2015,49.4
11/2/2015,49.4
11/3/2015,49.4
11/4/2015,49.4
11/5/2015,49.4
11/6/2015,49.4
11/9/2015,49.4
11/10/2015,49.4
11/11/2015,49.4
11/12/2015,49.4
11/13/2015,49.4
11/16/2015,49.4
11/17/2015,49.4
11/18/2015,49.4
11/19/2015,49.4
11/20/2015,49.4
11/23/2015,49.4
11/24/2015,49.4
11/25/2015,49.4
11/26/2015,49.4
11/27/2015,49.4
11/30/2015,49.4
12/1/2015,48
12/2/2015,48
12/3/2015,48
12/4/2015,48
12/7/2015,48
12/8/2015,48
12/9/2015,48
12/10/2015,48
12/11/2015,48
12/14/2015,48
12/15/2015,48
12/16/2015,48
12/17/2015,48
12/18/2015,48
12/21/2015,48
12/22/2015,48
12/23/2015,48
12/24/2015,48
12/25/2015,48
12/28/2015,48
12/29/2015,48
12/30/2015,48
12/31/2015,48
1/1/2016,48.2
1/4/2016,48.2
1/5/2016,48.2
1/6/2016,48.2
1/7/2016,48.2
1/8/2016,48.2
1/11/2016,48.2
1/12/2016,48.2
1/13/2016,48.2
1/14/2016,48.2
1/15/2016,48.2
1/18/2016,48.2
1/19/2016,48.2
1/20/2016,48.2
1/21/2016,48.2
1/22/2016,48.2
1/25/2016,48.2
1/26/2016,48.2
1/27/2016,48.2
1/28/2016,48.2
1/29/2016,48.2
2/1/2016,49.7
2/2/2016,49.7
2/3/2016,49.7
2/4/2016,49.7
2/5/2016,49.7
2/8/2016,49.7
2/9/2016,49.7
2/10/2016,49.7
2/11/2016,49.7
2/12/2016,49.7
2/15/2016,49.7
2/16/2016,49.7
2/17/2016,49.7
2/18/2016,49.7
2/19/2016,49.7
2/22/2016,49.7
2/23/2016,49.7
2/24/2016,49.7
2/25/2016,49.7
2/26/2016,49.7
2/29/2016,49.7
3/1/2016,51.7
3/2/2016,51.7
3/3/2016,51.7
3/4/2016,51.7
3/7/2016,51.7
3/8/2016,51.7
3/9/2016,51.7
3/10/2016,51.7
3/11/2016,51.7
3/14/2016,51.7
3/15/2016,51.7
3/16/2016,51.7
3/17/2016,51.7
3/18/2016,51.7
3/21/2016,51.7
3/22/2016,51.7
3/23/2016,51.7
3/24/2016,51.7
3/25/2016,51.7
3/28/2016,51.7
3/29/2016,51.7
3/30/2016,51.7
3/31/2016,51.7
4/1/2016,50.7
4/4/2016,50.7
4/5/2016,50.7
4/6/2016,50.7
4/7/2016,50.7
4/8/2016,50.7
4/11/2016,50.7
4/12/2016,50.7
4/13/2016,50.7
4/14/2016,50.7
4/15/2016,50.7
4/18/2016,50.7
4/19/2016,50.7
4/20/2016,50.7
4/21/2016,50.7
4/22/2016,50.7
4/25/2016,50.7
4/26/2016,50.7
4/27/2016,50.7
4/28/2016,50.7
4/29/2016,50.7
5/2/2016,50.7
5/3/2016,50.7
5/4/2016,50.7
5/5/2016,50.7
5/6/2016,50.7
5/9/2016,50.7
5/10/2016,50.7
5/11/2016,50.7
5/12/2016,50.7
5/13/2016,50.7
5/16/2016,50.7
5/17/2016,50.7
5/18/2016,50.7
5/19/2016,50.7
5/20/2016,50.7
5/23/2016,50.7
5/24/2016,50.7
5/25/2016,50.7
5/26/2016,50.7
5/27/2016,50.7
5/30/2016,50.7
5/31/2016,50.7
6/1/2016,52.8
6/2/2016,52.8
6/3/2016,52.8
6/6/2016,52.8
6/7/2016,52.8
6/8/2016,52.8
6/9/2016,52.8
6/10/2016,52.8
6/13/2016,52.8
6/14/2016,52.8
6/15/2016,52.8
6/16/2016,52.8
6/17/2016,52.8
6/20/2016,52.8
6/21/2016,52.8
6/22/2016,52.8
6/23/2016,52.8
6/24/2016,52.8
6/27/2016,52.8
6/28/2016,52.8
6/29/2016,52.8
6/30/2016,52.8
7/1/2016,52.3
7/4/2016,52.3
7/5/2016,52.3
7/6/2016,52.3
7/7/2016,52.3
7/8/2016,52.3
7/11/2016,52.3
7/12/2016,52.3
7/13/2016,52.3
7/14/2016,52.3
7/15/2016,52.3
7/18/2016,52.3
7/19/2016,52.3
7/20/2016,52.3
7/21/2016,52.3
7/22/2016,52.3
7/25/2016,52.3
7/26/2016,52.3
7/27/2016,52.3
7/28/2016,52.3
7/29/2016,52.3
8/1/2016,49.4
8/2/2016,49.4
8/3/2016,49.4
8/4/2016,49.4
8/5/2016,49.4
8/8/2016,49.4
8/9/2016,49.4
8/10/2016,49.4
8/11/2016,49.4
8/12/2016,49.4
8/15/2016,49.4
8/16/2016,49.4
8/17/2016,49.4
8/18/2016,49.4
8/19/2016,49.4
8/22/2016,49.4
8/23/2016,49.4
8/24/2016,49.4
8/25/2016,49.4
8/26/2016,49.4
8/29/2016,49.4
8/30/2016,49.4
8/31/2016,49.4
9/1/2016,51.7
9/2/2016,51.7
9/5/2016,51.7
9/6/2016,51.7
9/7/2016,51.7
9/8/2016,51.7
9/9/2016,51.7
9/12/2016,51.7
9/13/2016,51.7
9/14/2016,51.7
9/15/2016,51.7
9/16/2016,51.7
9/19/2016,51.7
9/20/2016,51.7
9/21/2016,51.7
9/22/2016,51.7
9/23/2016,51.7
9/26/2016,51.7
9/27/2016,51.7
9/28/2016,51.7
9/29/2016,51.7
9/30/2016,51.7
10/3/2016,51.7
10/4/2016,51.7
10/5/2016,51.7
10/6/2016,51.7
10/7/2016,51.7
10/10/2016,51.7
10/11/2016,51.7
10/12/2016,51.7
10/13/2016,51.7
10/14/2016,51.7
10/17/2016,51.7
10/18/2016,51.7
10/19/2016,51.7
10/20/2016,51.7
10/21/2016,51.7
10/24/2016,51.7
10/25/2016,51.7
10/26/2016,51.7
10/27/2016,51.7
10/28/2016,51.7
10/31/2016,51.7
11/1/2016,53.5
11/2/2016,53.5
11/3/2016,53.5
11/4/2016,53.5
11/7/2016,53.5
11/8/2016,53.5
11/9/2016,53.5
11/10/2016,53.5
11/11/2016,53.5
11/14/2016,53.5
11/15/2016,53.5
11/16/2016,53.5
11/17/2016,53.5
11/18/2016,53.5
11/21/2016,53.5
11/22/2016,53.5
11/23/2016,53.5
11/24/2016,53.5
11/25/2016,53.5
11/28/2016,53.5
11/29/2016,53.5
11/30/2016,53.5
12/1/2016,54.5
12/2/2016,54.5
12/5/2016,54.5
12/6/2016,54.5
12/7/2016,54.5
12/8/2016,54.5
12/9/2016,54.5
12/12/2016,54.5
12/13/2016,54.5
12/14/2016,54.5
12/15/2016,54.5
12/16/2016,54.5
12/19/2016,54.5
12/20/2016,54.5
12/21/2016,54.5
12/22/2016,54.5
12/23/2016,54.5
12/26/2016,54.5
12/27/2016,54.5
12/28/2016,54.5
12/29/2016,54.5
12/30/2016,54.5
1/2/2017,54.5
1/3/2017,54.5
1/4/2017,54.5
1/5/2017,54.5
1/6/2017,54.5
1/9/2017,54.5
1/10/2017,54.5
1/11/2017,54.5
1/12/2017,54.5
1/13/2017,54.5
1/16/2017,54.5
1/17/2017,54.5
1/18/2017,54.5
1/19/2017,54.5
1/20/2017,54.5
1/23/2017,54.5
1/24/2017,54.5
1/25/2017,54.5
1/26/2017,54.5
1/27/2017,54.5
1/30/2017,54.5
1/31/2017,54.5
2/1/2017,57.6
2/2/2017,57.6
2/3/2017,57.6
2/6/2017,57.6
2/7/2017,57.6
2/8/2017,57.6
2/9/2017,57.6
2/10/2017,57.6
2/13/2017,57.6
2/14/2017,57.6
2/15/2017,57.6
2/16/2017,57.6
2/17/2017,57.6
2/20/2017,57.6
2/21/2017,57.6
2/22/2017,57.6
2/23/2017,57.6
2/24/2017,57.6
2/27/2017,57.6
2/28/2017,57.6
3/1/2017,56.6
3/2/2017,56.6
3/3/2017,56.6
3/6/2017,56.6
3/7/2017,56.6
3/8/2017,56.6
3/9/2017,56.6
3/10/2017,56.6
3/13/2017,56.6
3/14/2017,56.6
3/15/2017,56.6
3/16/2017,56.6
3/17/2017,56.6
3/20/2017,56.6
3/21/2017,56.6
3/22/2017,56.6
3/23/2017,56.6
3/24/2017,56.6
3/27/2017,56.6
3/28/2017,56.6
3/29/2017,56.6
3/30/2017,56.6
3/31/2017,56.6
4/3/2017,56.6
4/4/2017,56.6
4/5/2017,56.6
4/6/2017,56.6
4/7/2017,56.6
4/10/2017,56.6
4/11/2017,56.6
4/12/2017,56.6
4/13/2017,56.6
4/14/2017,56.6
4/17/2017,56.6
4/18/2017,56.6
4/19/2017,56.6
4/20/2017,56.6
4/21/2017,56.6
4/24/2017,56.6
4/25/2017,56.6
4/26/2017,56.6
4/27/2017,56.6
4/28/2017,56.6
5/1/2017,55.5
5/2/2017,55.5
5/3/2017,55.5
5/4/2017,55.5
5/5/2017,55.5
5/8/2017,55.5
5/9/2017,55.5
5/10/2017,55.5
5/11/2017,55.5
5/12/2017,55.5
5/15/2017,55.5
5/16/2017,55.5
5/17/2017,55.5
5/18/2017,55.5
5/19/2017,55.5
5/22/2017,55.5
5/23/2017,55.5
5/24/2017,55.5
5/25/2017,55.5
5/26/2017,55.5
5/29/2017,55.5
5/30/2017,55.5
5/31/2017,55.5
6/1/2017,56.7
6/2/2017,56.7
6/5/2017,56.7
6/6/2017,56.7
6/7/2017,56.7
6/8/2017,56.7
6/9/2017,56.7
6/12/2017,56.7
6/13/2017,56.7
6/14/2017,56.7
6/15/2017,56.7
6/16/2017,56.7
6/19/2017,56.7
6/20/2017,56.7
6/21/2017,56.7
6/22/2017,56.7
6/23/2017,56.7
6/26/2017,56.7
6/27/2017,56.7
6/28/2017,56.7
6/29/2017,56.7
6/30/2017,56.7
7/3/2017,56.7
7/4/2017,56.7
7/5/2017,56.7
7/6/2017,56.7
7/7/2017,56.7
7/10/2017,56.7
7/11/2017,56.7
7/12/2017,56.7
7/13/2017,56.7
7/14/2017,56.7
7/17/2017,56.7
7/18/2017,56.7
7/19/2017,56.7
7/20/2017,56.7
7/21/2017,56.7
7/24/2017,56.7
7/25/2017,56.7
7/26/2017,56.7
7/27/2017,56.7
7/28/2017,56.7
7/31/2017,56.7
8/1/2017,59.3
8/2/2017,59.3
8/3/2017,59.3
8/4/2017,59.3
8/7/2017,59.3
8/8/2017,59.3
8/9/2017,59.3
8/10/2017,59.3
8/11/2017,59.3
8/14/2017,59.3
8/15/2017,59.3
8/16/2017,59.3
8/17/2017,59.3
8/18/2017,59.3
8/21/2017,59.3
8/22/2017,59.3
8/23/2017,59.3
8/24/2017,59.3
8/25/2017,59.3
8/28/2017,59.3
8/29/2017,59.3
8/30/2017,59.3
8/31/2017,59.3
9/1/2017,60.2
9/4/2017,60.2
9/5/2017,60.2
9/6/2017,60.2
9/7/2017,60.2
9/8/2017,60.2
9/11/2017,60.2
9/12/2017,60.2
9/13/2017,60.2
9/14/2017,60.2
9/15/2017,60.2
9/18/2017,60.2
9/19/2017,60.2
9/20/2017,60.2
9/21/2017,60.2
9/22/2017,60.2
9/25/2017,60.2
9/26/2017,60.2
9/27/2017,60.2
9/28/2017,60.2
9/29/2017,60.2
10/2/2017,60.2
10/3/2017,60.2
10/4/2017,60.2
10/5/2017,60.2
10/6/2017,60.2
10/9/2017,60.2
10/10/2017,60.2
10/11/2017,60.2
10/12/2017,60.2
10/13/2017,60.2
10/16/2017,60.2
10/17/2017,60.2
10/18/2017,60.2
10/19/2017,60.2
10/20/2017,60.2
10/23/2017,60.2
10/24/2017,60.2
10/25/2017,60.2
10/26/2017,60.2
10/27/2017,60.2
10/30/2017,60.2
10/31/2017,60.2
11/1/2017,58.2
11/2/2017,58.2
11/3/2017,58.2
11/6/2017,58.2
11/7/2017,58.2
11/8/2017,58.2
11/9/2017,58.2
11/10/2017,58.2
11/13/2017,58.2
11/14/2017,58.2
11/15/2017,58.2
11/16/2017,58.2
11/17/2017,58.2
11/20/2017,58.2
11/21/2017,58.2
11/22/2017,58.2
11/23/2017,58.2
11/24/2017,58.2
11/27/2017,58.2
11/28/2017,58.2
11/29/2017,58.2
11/30/2017,58.2
12/1/2017,59.3
12/4/2017,59.3
12/5/2017,59.3
12/6/2017,59.3
12/7/2017,59.3
12/8/2017,59.3
12/11/2017,59.3
12/12/2017,59.3
12/13/2017,59.3
12/14/2017,59.3
12/15/2017,59.3
12/18/2017,59.3
12/19/2017,59.3
12/20/2017,59.3
12/21/2017,59.3
12/22/2017,59.3
12/25/2017,59.3
12/26/2017,59.3
12/27/2017,59.3
12/28/2017,59.3
12/29/2017,59.3
1/1/2018,59.1
1/2/2018,59.1
1/3/2018,59.1
1/4/2018,59.1
1/5/2018,59.1
1/8/2018,59.1
1/9/2018,59.1
1/10/2018,59.1
1/11/2018,59.1
1/12/2018,59.1
1/15/2018,59.1
1/16/2018,59.1
1/17/2018,59.1
1/18/2018,59.1
1/19/2018,59.1
1/22/2018,59.1
1/23/2018,59.1
1/24/2018,59.1
1/25/2018,59.1
1/26/2018,59.1
1/29/2018,59.1
1/30/2018,59.1
1/31/2018,59.1
2/1/2018,60.7
2/2/2018,60.7
2/5/2018,60.7
2/6/2018,60.7
2/7/2018,60.7
2/8/2018,60.7
2/9/2018,60.7
2/12/2018,60.7
2/13/2018,60.7
2/14/2018,60.7
2/15/2018,60.7
2/16/2018,60.7
2/19/2018,60.7
2/20/2018,60.7
2/21/2018,60.7
2/22/2018,60.7
2/23/2018,60.7
2/26/2018,60.7
2/27/2018,60.7
2/28/2018,60.7
3/1/2018,59.3
3/2/2018,59.3
3/5/2018,59.3
3/6/2018,59.3
3/7/2018,59.3
3/8/2018,59.3
3/9/2018,59.3
3/12/2018,59.3
3/13/2018,59.3
3/14/2018,59.3
3/15/2018,59.3
3/16/2018,59.3
3/19/2018,59.3
3/20/2018,59.3
3/21/2018,59.3
3/22/2018,59.3
3/23/2018,59.3
3/26/2018,59.3
3/27/2018,59.3
3/28/2018,59.3
3/29/2018,59.3
3/30/2018,59.3
4/2/2018,59.3
4/3/2018,59.3
4/4/2018,59.3
4/5/2018,59.3
4/6/2018,59.3
4/9/2018,59.3
4/10/2018,59.3
4/11/2018,59.3
4/12/2018,59.3
4/13/2018,59.3
4/16/2018,59.3
4/17/2018,59.3
4/18/2018,59.3
4/19/2018,59.3
4/20/2018,59.3
4/23/2018,59.3
4/24/2018,59.3
4/25/2018,59.3
4/26/2018,59.3
4/27/2018,59.3
4/30/2018,59.3
5/1/2018,58.7
5/2/2018,58.7
5/3/2018,58.7
5/4/2018,58.7
5/7/2018,58.7
5/8/2018,58.7
5/9/2018,58.7
5/10/2018,58.7
5/11/2018,58.7
5/14/2018,58.7
5/15/2018,58.7
5/16/2018,58.7
5/17/2018,58.7
5/18/2018,58.7
5/21/2018,58.7
5/22/2018,58.7
5/23/2018,58.7
5/24/2018,58.7
5/25/2018,58.7
5/28/2018,58.7
5/29/2018,58.7
5/30/2018,58.7
5/31/2018,58.7
6/1/2018,60
6/4/2018,60
6/5/2018,60
6/6/2018,60
6/7/2018,60
6/8/2018,60
6/11/2018,60
6/12/2018,60
6/13/2018,60
6/14/2018,60
6/15/2018,60
6/18/2018,60
6/19/2018,60
6/20/2018,60
6/21/2018,60
6/22/2018,60
6/25/2018,60
6/26/2018,60
6/27/2018,60
6/28/2018,60
6/29/2018,60
7/2/2018,60
7/3/2018,60
7/4/2018,60
7/5/2018,60
7/6/2018,60
7/9/2018,60
7/10/2018,60
7/11/2018,60
7/12/2018,60
7/13/2018,60
7/16/2018,60
7/17/2018,60
7/18/2018,60
7/19/2018,60
7/20/2018,60
7/23/2018,60
7/24/2018,60
7/25/2018,60
7/26/2018,60
7/27/2018,60
7/30/2018,60
7/31/2018,60
8/1/2018,60.8
8/2/2018,60.8
8/3/2018,60.8
8/6/2018,60.8
8/7/2018,60.8
8/8/2018,60.8
8/9/2018,60.8
8/10/2018,60.8
8/13/2018,60.8
8/14/2018,60.8
8/15/2018,60.8
8/16/2018,60.8
8/17/2018,60.8
8/20/2018,60.8
8/21/2018,60.8
8/22/2018,60.8
8/23/2018,60.8
8/24/2018,60.8
8/27/2018,60.8
8/28/2018,60.8
8/29/2018,60.8
8/30/2018,60.8
8/31/2018,60.8
9/3/2018,60.8
9/4/2018,60.8
9/5/2018,60.8
9/6/2018,60.8
9/7/2018,60.8
9/10/2018,60.8
9/11/2018,60.8
9/12/2018,60.8
9/13/2018,60.8
9/14/2018,60.8
9/17/2018,60.8
9/18/2018,60.8
9/19/2018,60.8
9/20/2018,60.8
9/21/2018,60.8
9/24/2018,60.8
9/25/2018,60.8
9/26/2018,60.8
9/27/2018,60.8
9/28/2018,60.8
10/1/2018,57.5
10/2/2018,57.5
10/3/2018,57.5
10/4/2018,57.5
10/5/2018,57.5
10/8/2018,57.5
10/9/2018,57.5
10/10/2018,57.5
10/11/2018,57.5
10/12/2018,57.5
10/15/2018,57.5
10/16/2018,57.5
10/17/2018,57.5
10/18/2018,57.5
10/19/2018,57.5
10/22/2018,57.5
10/23/2018,57.5
10/24/2018,57.5
10/25/2018,57.5
10/26/2018,57.5
10/29/2018,57.5
10/30/2018,57.5
10/31/2018,57.5
11/1/2018,58.8
11/2/2018,58.8
11/5/2018,58.8
11/6/2018,58.8
11/7/2018,58.8
11/8/2018,58.8
11/9/2018,58.8
11/12/2018,58.8
11/13/2018,58.8
11/14/2018,58.8
11/15/2018,58.8
11/16/2018,58.8
11/19/2018,58.8
11/20/2018,58.8
11/21/2018,58.8
11/22/2018,58.8
11/23/2018,58.8
11/26/2018,58.8
11/27/2018,58.8
11/28/2018,58.8
11/29/2018,58.8
11/30/2018,58.8
12/3/2018,58.8
12/4/2018,58.8
12/5/2018,58.8
12/6/2018,58.8
12/7/2018,58.8
12/10/2018,58.8
12/11/2018,58.8
12/12/2018,58.8
12/13/2018,58.8
12/14/2018,58.8
12/17/2018,58.8
12/18/2018,58.8
12/19/2018,58.8
12/20/2018,58.8
12/21/2018,58.8
12/24/2018,58.8
12/25/2018,58.8
12/26/2018,58.8
12/27/2018,58.8
12/28/2018,58.8
12/31/2018,58.8
1/1/2019,56.6
1/2/2019,56.6
1/3/2019,56.6
1/4/2019,56.6
1/7/2019,56.6
1/8/2019,56.6
1/9/2019,56.6
1/10/2019,56.6
1/11/2019,56.6
1/14/2019,56.6
1/15/2019,56.6
1/16/2019,56.6
1/17/2019,56.6
1/18/2019,56.6
1/21/2019,56.6
1/22/2019,56.6
1/23/2019,56.6
1/24/2019,56.6
1/25/2019,56.6
1/28/2019,56.6
1/29/2019,56.6
1/30/2019,56.6
1/31/2019,56.6
2/1/2019,54.2
2/4/2019,54.2
2/5/2019,54.2
2/6/2019,54.2
2/7/2019,54.2
2/8/2019,54.2
2/11/2019,54.2
2/12/2019,54.2
2/13/2019,54.2
2/14/2019,54.2
2/15/2019,54.2
2/18/2019,54.2
2/19/2019,54.2
2/20/2019,54.2
2/21/2019,54.2
2/22/2019,54.2
2/25/2019,54.2
2/26/2019,54.2
2/27/2019,54.2
2/28/2019,54.2
3/1/2019,55.3
3/4/2019,55.3
3/5/2019,55.3
3/6/2019,55.3
3/7/2019,55.3
3/8/2019,55.3
3/11/2019,55.3
3/12/2019,55.3
3/13/2019,55.3
3/14/2019,55.3
3/15/2019,55.3
3/18/2019,55.3
3/19/2019,55.3
3/20/2019,55.3
3/21/2019,55.3
3/22/2019,55.3
3/25/2019,55.3
3/26/2019,55.3
3/27/2019,55.3
3/28/2019,55.3
3/29/2019,55.3
4/1/2019,52.8
4/2/2019,52.8
4/3/2019,52.8
4/4/2019,52.8
4/5/2019,52.8
4/8/2019,52.8
4/9/2019,52.8
4/10/2019,52.8
4/11/2019,52.8
4/12/2019,52.8
4/15/2019,52.8
4/16/2019,52.8
4/17/2019,52.8
4/18/2019,52.8
4/19/2019,52.8
4/22/2019,52.8
4/23/2019,52.8
4/24/2019,52.8
4/25/2019,52.8
4/26/2019,52.8
4/29/2019,52.8
4/30/2019,52.8
5/1/2019,52.1
5/2/2019,52.1
5/3/2019,52.1
5/6/2019,52.1
5/7/2019,52.1
5/8/2019,52.1
5/9/2019,52.1
5/10/2019,52.1
5/13/2019,52.1
5/14/2019,52.1
5/15/2019,52.1
5/16/2019,52.1
5/17/2019,52.1
5/20/2019,52.1
5/21/2019,52.1
5/22/2019,52.1
5/23/2019,52.1
5/24/2019,52.1
5/27/2019,52.1
5/28/2019,52.1
5/29/2019,52.1
5/30/2019,52.1
5/31/2019,52.1
6/3/2019,52.1
6/4/2019,52.1
6/5/2019,52.1
6/6/2019,52.1
6/7/2019,52.1
6/10/2019,52.1
6/11/2019,52.1
6/12/2019,52.1
6/13/2019,52.1
6/14/2019,52.1
6/17/2019,52.1
6/18/2019,52.1
6/19/2019,52.1
6/20/2019,52.1
6/21/2019,52.1
6/24/2019,52.1
6/25/2019,52.1
6/26/2019,52.1
6/27/2019,52.1
6/28/2019,52.1
