Date,S&P_Movement,GOLD,OIL,SILVER,PLATINUM,NASDAQ_Open,NASDAQ_High,NASDAQ_Low,NASDAQ_Close,NASDAQ_Volume,S&P_Open,S&P_High,S&P_Low,S&P_Close,S&P_Volume,DJI_Open,DJI_High,DJI_Low,DJI_Close,DJI_Volume,DAX_Open,DAX_High,DAX_Low,DAX_Close,DAX_Volume,ASX_Open,ASX_High,ASX_Low,ASX_Close,ASX_Volume,HANGSENG_Open,HANGSENG_High,HANGSENG_Low,HANGSENG_Close,HANGSENG_Volume,VIX_Open,VIX_High,VIX_Low,VIX_Close,VIX_Volume,ISM_MONTHLY_PMI,FOREX_AUS,FOREX_EUR,FOREX_NZ,FOREX_UK,FOREX_BR,FOREX_CAN,FOREX_CHINA,FOREX_DEN,FOREX_HK,FOREX_IND,FOREX_JAP,FOREX_KOR,FOREX_MAL,FOREX_MEX,FOREX_NOR,FOREX_SWE,FOREX_SOUTHAFR,FOREX_SINGA,FOREX_SRI,FOREX_SWI,FOREX_TAI,FOREX_THAI,FOREX_VEN
1546405200.0,0,1282.9,54.06,15.28,785,6506.910156,6693.709961,6506.879883,6665.939941,2261800000,2476.959961,2519.48999,2467.469971,2510.030029,3733160000,23058.60938,23413.4707,22928.58984,23346.24023,321570000,10477.76953,10612.719729999999,10386.969729999999,10580.19043,79626700,5557.799805,5646.5,5557.799805,5633.399902,0,25824.43945,25824.43945,25055.26953,25130.34961,1666316400,27.540001,28.530001000000002,23.049999,23.219998999999998,0,56.6,0.7,1.1357,0.6668,1.2598,3.8123,1.3591,6.8597,6.5748,7.835,70.02,109.22,1119.11,4.135,19.6065,8.6976,8.9931,14.41,1.3652,182.8,0.9884,30.78,32.26,636.5846
1546491600.0,1,1290.45,53.23,15.44,795,6584.77002,6600.209961,6457.129883,6463.5,2607290000,2491.919922,2493.139893,2443.959961,2447.889893,3822860000,23176.39063,23176.39063,22638.41016,22686.2207,424240000,10467.11035,10538.66016,10400.11035,10416.66016,84733800,5633.399902,5633.399902,5568.700195,5619.399902,0,25077.67969,25262.21094,24896.86914,25064.35938,1481291700,25.68,26.6,24.049999,25.450001,0,56.6,0.7014,1.1399,0.6687,1.2633,3.7429,1.3484,6.8708,6.5505,7.8308,70.12,108.07,1124.64,4.141,19.6095,8.693999999999999,9.0004,14.3125,1.3637,182.65,0.9889,30.86,32.19,636.5846
1546578000.0,1,1279.9,55.64,15.66,799,6567.140136999999,6760.689941,6554.240234000001,6738.859863,2579550000,2474.330078,2538.070068,2474.330078,2531.939941,4213410000,22894.91992,23518.64063,22894.91992,23433.16016,396020000,10533.94043,10786.33984,10483.90039,10767.69043,95339500,5633.399902,5633.399902,5568.700195,5619.399902,0,24946.11914,25626.0293,24924.73047,25626.0293,1708572100,24.360001,24.48,21.190001000000002,21.379998999999998,0,56.6,0.7108,1.141,0.6743,1.274,3.7149,1.3399,6.8663,6.5448,7.8339,69.63,108.29,1116.73,4.1339999999999995,19.44,8.6109,8.9488,13.9625,1.3594,182.5,0.9859,30.8,32.0,636.5846
1546837200.0,1,1292.2,57.1,15.64,827,6757.529785,6855.600098000001,6741.399901999999,6823.470215,2507550000,2535.610107,2566.159912,2524.560059,2549.689941,4104710000,23474.25977,23687.74023,23301.58984,23531.34961,334200000,10814.38965,10814.469729999999,10681.26953,10747.80957,71151400,5683.200195,5733.700195,5666.600098,5722.399902,44936000,26015.83984,26043.64063,25753.46094,25835.69922,1447090300,22.059998999999998,22.709999,20.91,21.4,0,56.6,0.7143,1.1468,0.6762,1.2757,3.71,1.3297,6.8501,6.5116,7.8348,69.78,108.62,1117.5,4.113,19.314,8.5387,8.9013,13.8775,1.3558,182.1,0.981,30.8,31.96,636.5846
1546923600.0,1,1286.45,56.91,15.46,822,6893.439941,6909.580078,6795.859863,6897.0,2380290000,2568.110107,2579.820068,2547.560059,2574.409912,4083030000,23680.32031,23864.65039,23581.44922,23787.44922,317420000,10750.19043,10910.70996,10745.030270000001,10803.98047,93672200,5722.399902,5781.399902,5722.399902,5778.299805,0,25852.5,25960.89063,25688.5,25875.44922,1578205700,20.959999,22.030001000000002,20.09,20.469998999999998,0,56.6,0.7134,1.1444,0.6723,1.2724,3.7204,1.3307,6.8519,6.5244,7.837999999999999,70.11,108.57,1122.93,4.1160000000000005,19.355,8.5505,8.9281,13.94,1.3579,182.5,0.981,30.84,32.04,702.8086
1547010000.0,1,1288.6,59.46,15.51,820,6923.060059,6985.220215,6899.560059,6957.080078,2422590000,2580.0,2595.320068,2568.889893,2584.959961,4052480000,23844.26953,23985.44922,23776.56055,23879.11914,324570000,10884.75,10961.91992,10839.08984,10893.32031,96071900,5778.299805,5795.299805,5755.399902,5795.299805,0,26237.28906,26597.07031,26192.65039,26462.32031,2680892000,20.440001000000002,22.799999,19.48,19.98,0,56.6,0.7172,1.1524,0.6794,1.2764,3.6832,1.3212,6.8117,6.4788,7.8369,70.42,108.38,1117.7,4.113,19.230999999999998,8.4745,8.8836,13.8825,1.3538,182.3,0.9767,30.77,31.97,702.8086
1547096400.0,0,1291.9,60.47,15.6,823,6908.649901999999,6991.370117,6877.080078,6986.069823999999,2179080000,2573.51001,2597.820068,2562.02002,2596.639893,3704500000,23811.10938,24014.7793,23703.25,24001.91992,338150000,10843.88965,10927.12988,10788.049809999999,10921.58984,77255600,5795.299805,5808.600098,5774.600098,5774.600098,0,26391.7793,26588.21094,26212.33984,26521.42969,1939043900,20.98,21.32,19.290001,19.5,0,56.6,0.7190000000000001,1.1517,0.679,1.2768,3.6915,1.3232,6.7875,6.4814,7.8378,70.43,108.29,1116.1,4.095,19.16,8.4702,8.8829,13.85,1.3516,181.9,0.9817,30.79,31.91,793.4714
1547182800.0,0,1288.95,59.24,15.53,820,6947.459961,6975.649901999999,6933.600098000001,6971.47998,2066500000,2588.110107,2596.27002,2577.399902,2596.26001,3434490000,23940.00977,23996.32031,23798.16016,23995.94922,262650000,10949.12988,10959.0,10829.91992,10887.45996,75537200,5795.299805,5808.600098,5774.600098,5774.600098,0,26692.01953,26692.01953,26494.85938,26667.26953,1799353900,19.68,20.16,18.120001000000002,18.190001000000002,0,56.6,0.7204,1.1479,0.6826,1.2836,3.7073,1.3256,6.7596,6.5022,7.8393,70.38,108.34,1117.18,4.093999999999999,19.12,8.5245,8.9305,13.8425,1.3524,181.8,0.9829,30.79,31.93,793.4714
1547442000.0,1,1292.75,58.8,15.46,805,6908.029785,6936.220215,6887.47998,6905.919922,1942210000,2580.310059,2589.320068,2570.409912,2582.610107,3664450000,23880.5293,23964.90039,23765.24023,23909.83984,277560000,10820.84961,10886.23047,10786.75,10855.91016,65945800,5773.399902,5814.600098,5773.399902,5814.600098,0,26559.67969,26575.33008,26195.7793,26298.33008,1426017400,19.84,20.27,18.700001,19.07,0,56.6,0.7204,1.1479,0.6826,1.2836,3.7073,1.3256,6.7596,6.5022,7.8393,70.38,108.34,1117.18,4.093999999999999,19.12,8.5245,8.9305,13.8425,1.3524,181.8,0.9829,30.79,31.93,793.4714
1547528400.0,1,1294.4,58.65,15.52,803,6931.390137,7025.850098000001,6928.120117,7023.830078,2038090000,2585.100098,2613.080078,2585.100098,2610.300049,3572330000,23914.10938,24099.14063,23887.92969,24065.58984,291570000,10962.9502,10994.83008,10812.58984,10891.79004,80197500,5814.600098,5835.200195,5805.0,5835.200195,0,26518.61914,26838.55078,26427.44922,26830.28906,1822902000,18.530001000000002,19.200001,17.98,18.6,0,56.6,0.7192,1.1392,0.6812,1.2761,3.7162,1.3272,6.7595,6.5511,7.8425,71.0,108.72,1122.59,4.103,19.0555,8.5545,8.9763,13.7825,1.3564,182.1,0.9885,30.82,31.9,947.0963
1547614800.0,1,1292.3,59.81,15.46,800,7033.75,7079.629883,7028.120117,7034.689941,2149580000,2614.75,2625.76001,2612.679932,2616.100098,3863770000,24139.91016,24288.60938,24119.7207,24207.16016,302830000,10940.36035,10947.87012,10866.38965,10931.24023,79810600,5835.200195,5856.399902,5831.0,5850.100098,0,26702.92969,26903.7793,26567.51953,26902.09961,1714886500,18.08,19.040001,17.76,19.040001,0,56.6,0.7184,1.1408,0.6787,1.2862,3.7284,1.3243,6.7532,6.542999999999999,7.8431,70.97,108.84,1119.1,4.1080000000000005,18.97,8.5305,8.9846,13.6825,1.3541,182.2,0.9899,30.82,31.68,947.0963
1547701200.0,1,1290.7,59.85,15.44,806,7010.129883,7113.950195,7003.620117,7084.459961,2128840000,2609.280029,2645.060059,2606.360107,2635.959961,3772270000,24147.08984,24474.46094,24088.90039,24370.09961,288590000,10852.5,10929.299809999999,10822.25,10918.62012,79327000,5850.100098,5888.100098,5850.100098,5879.600098,0,26953.210939999997,27012.18945,26703.31055,26755.63086,1860541000,19.51,19.719998999999998,17.85,18.059998999999998,0,56.6,0.7171,1.1386,0.6747,1.294,3.7561,1.3296,6.7735,6.5565,7.8432,71.09,109.01,1123.34,4.112,19.0535,8.5554,9.027000000000001,13.77,1.3564,181.4,0.9944,30.86,31.74,999.2357
1547787600.0,0,1284.2,62.04,15.4,804,7134.100098000001,7185.379883,7096.620117,7157.22998,2451240000,2651.27002,2675.469971,2647.580078,2670.709961,3986730000,24534.18945,24750.2207,24459.0293,24706.34961,372970000,11001.30957,11216.82031,10993.83008,11205.54004,119133600,5850.100098,5888.100098,5850.100098,5879.600098,0,26993.43945,27116.65039,26915.08008,27090.81055,1692701900,17.799999,18.18,17.17,17.799999,0,56.6,0.7172,1.1362,0.6751,1.2898,3.7658,1.3262,6.7765,6.5696,7.8432,71.21,109.79,1122.8,4.11,19.113,8.5509,9.0187,13.8275,1.3582,181.4,0.9954,30.86,31.74,999.2357
1548046800.0,0,1279.55,62.18,15.18,800,7134.100098000001,7185.379883,7096.620117,7157.22998,2451240000,2651.27002,2675.469971,2647.580078,2670.709961,3986730000,24534.18945,24750.2207,24459.0293,24706.34961,372970000,11176.12012,11179.91016,11125.530270000001,11136.2002,65955200,5890.399902,5890.399902,5851.299805,5858.799805,0,27134.26953,27323.60938,27084.30078,27196.539060000003,1640014700,17.799999,18.18,17.17,17.799999,0,56.6,0.7172,1.1362,0.6751,1.2898,3.7658,1.3262,6.7765,6.5696,7.8432,71.21,109.79,1122.8,4.11,19.113,8.5509,9.0187,13.8275,1.3582,181.4,0.9954,30.86,31.74,999.2357
1548133200.0,1,1282.1,60.9,15.11,794,7109.569823999999,7110.160156,6979.810059,7020.359863,2380950000,2657.8798829999996,2657.8798829999996,2617.27002,2632.899902,3908030000,24607.75977,24607.75977,24244.31055,24404.48047,338480000,11076.98047,11142.219729999999,11034.549809999999,11090.11035,73446100,5858.799805,5862.0,5831.399902,5843.700195,0,27189.40039,27223.69922,26854.660160000003,27005.44922,1578449700,18.530001000000002,21.15,18.200001,20.799999,0,56.6,0.7133,1.1359,0.6729,1.2955,3.7811,1.3333,6.8072,6.5725,7.8454,71.23,109.34,1129.52,4.13,19.1375,8.5961,9.0263,13.935,1.3595,182.05,0.9972,30.89,31.78,1321.5877
1548219600.0,1,1279.8,61.05,15.24,792,7061.649901999999,7084.850098000001,6953.22998,7025.77002,2274420000,2643.47998,2653.189941,2612.860107,2638.699951,3335610000,24577.25,24700.98047,24307.16992,24575.61914,318600000,11043.63965,11135.75,11007.20996,11071.54004,87752900,5844.399902,5865.700195,5839.700195,5865.700195,0,26879.910160000003,27131.2207,26879.910160000003,27008.19922,1381999400,20.85,22.02,19.469998999999998,19.52,0,56.6,0.7133,1.139,0.6789,1.3074,3.7987,1.3362,6.7897,6.555,7.8454,71.21,109.44,1127.89,4.135,19.087,8.5848,9.0118,13.845,1.3593,182.0,0.9946,30.86,31.72,1321.5878
1548306000.0,1,1283.7,61.09,15.21,801,7042.25,7078.959961,7029.950195,7073.459961,2400290000,2638.840088,2647.199951,2627.01001,2642.330078,3433250000,24579.96094,24626.30078,24422.73047,24553.24023,320170000,11045.63965,11149.32031,11032.530270000001,11130.17969,110548100,5865.700195,5915.200195,5864.0,5905.600098,0,27075.36914,27120.98047,26889.789060000003,27120.98047,1323732100,19.690001000000002,20.25,18.629998999999998,18.889999,0,56.6,0.7096,1.1322,0.6768,1.3027,3.7486,1.3342,6.7835,6.5937,7.8454,71.02,109.72,1126.33,4.141,18.986,8.5756,9.0729,13.705,1.3604,181.5,0.9965,30.87,31.68,1568.6187
1548392400.0,0,1293.9,61.49,15.2,815,7128.180176000001,7174.560059,7111.089844,7164.859863,2440840000,2657.439941,2672.3798829999996,2657.330078,2664.76001,3814080000,24687.21094,24860.15039,24676.75,24737.19922,376890000,11234.049809999999,11321.62012,11218.34961,11281.79004,99999800,5865.700195,5915.200195,5864.0,5905.600098,0,27282.88086,27569.18945,27217.75,27569.18945,2264965800,18.43,18.459999,17.309998999999998,17.42,0,56.6,0.7172,1.1407,0.6839,1.3176,3.77,1.3259,6.7448,6.5449,7.8452,70.94,109.6,1117.58,4.1225,18.9275,8.5193,9.0518,13.615,1.3535,181.5,0.993,30.71,31.52,1568.6186
1548651600.0,0,1302.15,59.71,15.62,811,7075.009765999999,7086.299805,7034.25,7085.680176000001,2435480000,2644.969971,2644.969971,2624.060059,2643.850098,3612810000,24596.98047,24596.98047,24323.93945,24528.2207,347170000,11233.16016,11275.20996,11196.41992,11210.30957,73121100,5905.600098,5907.600098,5861.600098,5874.200195,0,27695.81055,27790.2207,27462.36914,27576.960939999997,1705146300,18.559998999999998,20.42,18.42,18.870001000000002,0,56.6,0.7166,1.1438,0.6834,1.3158,3.7628,1.3269,6.7437,6.5265,7.8459,71.06,109.2,1118.7,4.1080000000000005,19.0405,8.5147,9.0527,13.705,1.3530000000000002,181.45,0.991,30.78,31.51,2079.179
1548738000.0,1,1307.55,60.98,15.64,815,7087.490234000001,7092.290039,7011.470215,7028.290039,2089690000,2644.889893,2650.929932,2631.050049,2640.0,3504200000,24519.61914,24674.86914,24504.03906,24579.96094,330870000,11191.51953,11276.280270000001,11159.16992,11218.83008,75129000,5874.200195,5912.399902,5865.899902,5886.700195,0,27397.539060000003,27575.36914,27328.16992,27531.679689999997,1821838000,19.450001,19.93,18.42,19.129998999999998,0,56.6,0.7149,1.1424,0.6829999999999999,1.3146,3.7288,1.3264,6.7304,6.5339,7.8461,71.4,109.36,1117.75,4.11,18.985,8.5008,9.0726,13.5875,1.3523,180.6,0.995,30.8,31.47,3290.8723
1548824400.0,1,1310.7,61.89,15.78,813,7094.790039,7201.310059,7065.569823999999,7183.080078,2544050000,2653.6201170000004,2690.439941,2648.340088,2681.050049,3857810000,24826.51953,25109.61914,24790.90039,25014.85938,397330000,11210.67969,11215.20996,11132.37988,11181.66016,73630500,5886.700195,5912.600098,5864.700195,5864.700195,0,27571.410160000003,27642.84961,27369.75,27642.84961,1821894600,19.15,19.309998999999998,17.540001,17.66,0,56.6,0.7196,1.1418,0.6837,1.3062,3.7222,1.3189,6.7115,6.5378,7.8445,71.24,109.57,1117.29,4.105,19.1635,8.4725,9.0908,13.58,1.3514,179.15,0.9988,30.77,31.33,3290.8722
1548910800.0,1,1323.25,62.46,15.91,813,7208.169922,7303.120117,7205.950195,7281.740234000001,2918710000,2685.48999,2708.949951,2678.649902,2704.100098,4917650000,24954.48047,25049.61914,24842.08984,24999.66992,507350000,11257.91992,11311.37012,11051.11035,11173.09961,111945200,5864.700195,5881.600098,5857.399902,5862.799805,702119900,27842.05078,28010.90039,27773.98047,27942.4707,2225282600,17.389999,17.719998999999998,16.540001,16.57,0,56.6,0.7282,1.1454,0.6923,1.3135,3.6501,1.314,6.6958,6.5183,7.8463,70.94,108.84,1111.82,4.093999999999999,19.0525,8.4359,9.0465,13.285,1.3455,178.15,0.9938,30.69,31.22,3290.8722
1548997200.0,1,1318.7,61.86,15.85,830,7256.370117,7299.939941,7243.410156,7263.870117,2383430000,2702.320068,2716.659912,2696.8798829999996,2706.530029,3759270000,25025.31055,25193.15039,24982.49023,25063.89063,372090000,11198.45996,11218.50977,11116.08008,11180.66016,101700800,5864.700195,5881.600098,5857.399902,5862.799805,702119900,28193.2793,28193.2793,27802.5,27930.74023,1669716900,16.629998999999998,16.83,16.08,16.139999,0,54.2,0.726,1.1474,0.6907,1.3094,3.6552,1.3095,6.7426,6.5068,7.8468,71.41,109.55,1118.31,4.093999999999999,19.1275,8.4316,9.0384,13.3125,1.35,176.4,0.9940000000000001,30.78,31.28,3290.8722
1549256400.0,1,1312.15,62.26,15.72,820,7266.279785,7348.22998,7261.069823999999,7347.540039,2099470000,2706.48999,2724.98999,2698.75,2724.8701170000004,3359840000,25062.11914,25239.91016,24977.66992,25239.36914,298540000,11180.41992,11209.30957,11100.33984,11176.58008,74165400,5891.200195,6039.200195,5891.200195,6005.899902,0,27985.41992,28005.15039,27847.429689999997,27990.210939999997,808061300,16.719998999999998,16.73,15.6,15.73,0,54.2,0.7218,1.1438,0.6882,1.3068,3.6676,1.3127,6.7426,6.5262,7.8465,71.66,109.96,1119.15,4.09,19.0405,8.47,9.0968,13.3975,1.3527,176.4,0.9974,30.77,31.3,3289.9546
1549342800.0,0,1314.2,61.67,15.75,824,7356.339844,7408.680176000001,7355.359863,7402.080078,2265520000,2728.340088,2738.97998,2724.030029,2737.699951,3560430000,25287.92969,25427.32031,25287.65039,25411.51953,310650000,11178.75,11371.74023,11177.7002,11367.98047,89418800,6005.899902,6042.5,5990.5,6026.100098,0,27985.41992,28005.15039,27847.429689999997,27990.210939999997,808061300,15.79,15.94,15.04,15.57,0,54.2,0.7234,1.1406,0.6891,1.2947,3.6798,1.3132,6.7426,6.5451,7.846,71.52,109.99,1117.2,4.09,19.083,8.4813,9.1098,13.39,1.3521,178.0,1.0005,30.77,31.24,3288.9770000000003
1549429200.0,0,1312.4,62.22,15.69,822,7400.439941,7410.77002,7346.720215,7375.279785,2167130000,2735.050049,2738.080078,2724.149902,2731.610107,3472690000,25371.57031,25439.03906,25312.06055,25390.30078,247590000,11337.54004,11347.94043,11297.41992,11324.719729999999,75894800,6026.100098,6105.899902,6026.100098,6092.5,0,27985.41992,28005.15039,27847.429689999997,27990.210939999997,808061300,15.44,15.87,15.09,15.38,0,54.2,0.7128,1.138,0.6843,1.2956,3.7015,1.3192,6.7426,6.5591,7.8465,71.55,109.75,1119.35,4.09,19.1075,8.5235,9.1721,13.5125,1.3545,177.4,1.0009,30.78,31.23,3289.1565
1549515600.0,1,1310.0,61.01,15.53,807,7316.5,7336.740234000001,7235.049805,7288.350098000001,2295080000,2717.530029,2719.320068,2687.26001,2706.050049,4099490000,25265.81055,25314.25977,25000.51953,25169.5293,295460000,11262.969729999999,11286.45996,11022.01953,11022.01953,108021800,6092.5,6094.700195,6054.100098,6071.5,0,27985.41992,28005.15039,27847.429689999997,27990.210939999997,808061300,15.66,17.889999,15.51,16.370001000000002,0,54.2,0.7093,1.1357,0.6757,1.2966,3.7232,1.3296,6.7426,6.5717,7.8469,71.3,109.7,1124.11,4.0715,19.11,8.5805,9.238,13.665,1.3562,177.5,1.001,30.81,31.23,3289.3759
1549602000.0,1,1314.85,61.37,15.57,799,7232.299805,7299.439941,7225.140137,7298.200195,2086260000,2692.360107,2708.070068,2681.830078,2707.8798829999996,3622330000,25042.35938,25106.39063,24883.03906,25106.33008,248210000,10991.79004,11045.41016,10863.55957,10906.780270000001,102300800,6092.5,6094.700195,6054.100098,6071.5,0,27708.13086,28008.820310000003,27534.19922,27946.320310000003,1527669600,16.809998999999998,17.629998999999998,15.62,15.72,0,54.2,0.7090000000000001,1.1326,0.6755,1.2933,3.7363,1.3277,6.7426,6.5891,7.8469,71.23,109.76,1123.14,4.067,19.105999999999998,8.6335,9.265,13.6475,1.3562,177.5,1.0,30.82,31.51,3289.4657
1549861200.0,1,1306.4,61.3,15.65,793,7327.370117,7343.560059,7290.029785,7307.899901999999,1897800000,2712.399902,2718.050049,2703.790039,2709.800049,3361970000,25142.81055,25196.75,25009.09961,25053.10938,241700000,10955.83008,11041.9502,10944.58008,11014.58984,69553100,6060.799805,6093.200195,6053.399902,6079.100098,0,27927.44922,28143.839839999997,27847.84961,28143.839839999997,1384082500,16.17,16.5,15.34,15.97,0,54.2,0.7065,1.1277,0.6732,1.2862,3.765,1.3296,6.7907,6.6177,7.848,71.15,110.4,1126.05,4.07,19.282,8.7232,9.3008,13.825,1.3611,177.55,1.004,30.88,31.42,3289.775
1549947600.0,1,1310.0,62.58,15.6,790,7358.850098000001,7419.430176000001,7349.799805,7414.620117,2124330000,2722.610107,2748.189941,2722.610107,2744.72998,3827770000,25152.0293,25458.98047,25152.0293,25425.75977,278110000,11123.42969,11164.37988,11116.86035,11126.08008,74843600,6079.100098,6094.0,6053.0,6063.600098,0,28093.31055,28219.589839999997,27983.48047,28171.33008,1492521500,15.23,15.65,14.95,15.43,0,54.2,0.7094,1.1316,0.674,1.2887,3.7131,1.3244,6.7726,6.5945,7.8484,70.56,110.5,1122.27,4.077,19.2455,8.6525,9.2598,13.785,1.3567,178.2,1.0068,30.82,31.51,3289.4657
1550034000.0,0,1312.8,63.27,15.59,792,7437.459961,7461.660156,7413.839844,7420.379883,2093800000,2750.300049,2761.850098,2748.6298829999996,2753.030029,3670770000,25480.85938,25625.94922,25480.85938,25543.26953,263330000,11174.84961,11217.299809999999,11125.58984,11167.219729999999,69772400,6063.600098,6093.600098,6046.700195,6059.399902,0,28184.86914,28533.35938,28160.460939999997,28497.589839999997,1930777700,15.46,15.91,15.0,15.65,0,54.2,0.7113,1.1288,0.6817,1.2865,3.7485,1.3222,6.7598,6.6099,7.8485,70.86,110.86,1123.32,4.065,19.405,8.6426,9.2425,13.965,1.3579,178.3,1.0073,30.84,31.33,3289.8647
1550120400.0,1,1311.45,64.0,15.49,785,7390.25,7454.419922,7375.709961,7426.950195,2103370000,2743.5,2757.899902,2731.22998,2745.72998,3836700000,25460.65039,25558.90039,25308.08984,25439.39063,313010000,11257.799809999999,11260.549809999999,11077.780270000001,11089.79004,83384200,6059.399902,6076.100098,6048.899902,6066.100098,0,28396.40039,28476.65039,28275.179689999997,28432.05078,1433724900,15.61,17.27,15.3,16.219998999999998,0,54.2,0.7091,1.1284,0.6829,1.2793,3.7462,1.3307,6.7711,6.6117,7.8472,71.18,110.68,1128.0,4.074,19.3485,8.6572,9.3032,14.24,1.3587,178.4,1.0064,30.86,31.32,3289.9844
1550206800.0,0,1316.55,65.65,15.47,793,7468.569823999999,7477.279785,7440.259765999999,7472.410156,2257750000,2760.23999,2775.659912,2760.23999,2775.600098,3641370000,25564.63086,25883.7207,25564.63086,25883.25,328530000,11044.799809999999,11323.049809999999,11018.9502,11299.799809999999,105640900,6059.399902,6076.100098,6048.899902,6066.100098,0,28241.43945,28256.68945,27845.86914,27900.839839999997,1781495400,16.82,16.82,14.79,14.91,0,54.2,0.7122,1.1268,0.6856,1.2857,3.71,1.3272,6.768,6.6216,7.8477,71.36,110.54,1125.59,4.083,19.336,8.6473,9.2867,14.1225,1.3574,178.5,1.0063,30.82,31.23,3290.1341
1550466000.0,1,1325.5,66.41,15.67,810,7468.569823999999,7477.279785,7440.259765999999,7472.410156,2257750000,2760.23999,2775.659912,2760.23999,2775.600098,3641370000,25564.63086,25883.7207,25564.63086,25883.25,328530000,11287.74023,11318.19043,11256.26953,11299.2002,55484300,6089.799805,6119.5,6081.399902,6106.899902,0,28186.75,28412.08008,28186.75,28347.00977,1549943500,16.82,16.82,14.79,14.91,0,54.2,0.7122,1.1268,0.6856,1.2857,3.71,1.3272,6.768,6.6216,7.8477,71.36,110.54,1125.59,4.083,19.336,8.6473,9.2867,14.1225,1.3574,178.5,1.0063,30.82,31.23,3290.1341
1550552400.0,1,1334.15,65.86,15.66,815,7450.75,7507.790039,7450.27002,7486.77002,2120790000,2769.280029,2787.330078,2767.290039,2779.76001,3533710000,25849.84961,25961.43945,25820.00977,25891.32031,280620000,11280.73047,11371.44043,11244.51953,11309.20996,67147500,6106.899902,6125.799805,6077.5,6096.5,0,28440.49023,28488.9707,28208.86914,28228.13086,1653127000,15.65,16.16,14.64,14.88,0,54.2,0.7146,1.1328,0.6854,1.3036,3.7145,1.3248,6.756,6.5866,7.8486,71.31,110.68,1124.54,4.08,19.1855,8.5829,9.3256,14.12,1.3538,179.4,1.0018,30.81,31.15,3289.9645
1550638800.0,0,1343.75,66.82,15.89,828,7490.310059,7513.700195,7455.25,7489.069823999999,2181760000,2779.050049,2789.8798829999996,2774.060059,2784.699951,3835450000,25872.25977,25986.19922,25846.48047,25954.43945,287880000,11338.74023,11437.469729999999,11318.74023,11401.969729999999,71844800,6096.5,6153.600098,6083.600098,6139.200195,0,28404.679689999997,28599.76953,28357.30078,28514.05078,1928707100,14.92,15.19,13.99,14.02,0,54.2,0.7146,1.1328,0.6854,1.3036,3.7145,1.3248,6.756,6.5866,7.8486,71.31,110.68,1124.54,4.08,19.1855,8.5829,9.3256,14.12,1.3538,179.4,1.0018,30.81,31.15,3289.9645
1550725200.0,1,1331.25,66.91,15.87,829,7475.410156,7485.75,7430.890137,7459.709961,2119080000,2780.23999,2781.580078,2764.550049,2774.8798829999996,3559710000,25922.41016,25938.88086,25762.21094,25850.63086,255710000,11448.65039,11454.44043,11392.26953,11423.280270000001,77779400,6139.200195,6176.200195,6126.5,6167.299805,0,28450.0,28759.34961,28364.84961,28629.91992,1814520300,14.0,15.17,13.85,14.46,0,54.2,0.708,1.1338,0.6805,1.306,3.7636,1.3192,6.7195,6.5816,7.8467,71.15,110.72,1125.53,4.0760000000000005,19.2835,8.6254,9.3519,14.0125,1.3536,179.35,1.001,30.8,31.22,3290.3934
1550811600.0,1,1329.05,66.91,15.72,833,7481.629883,7527.540039,7479.009765999999,7527.540039,2417680000,2780.669922,2794.199951,2779.110107,2792.669922,3427810000,25906.26953,26052.90039,25906.26953,26031.81055,279760000,11422.62012,11504.70996,11420.74023,11457.7002,66893800,6139.200195,6176.200195,6126.5,6167.299805,0,28478.960939999997,28816.30078,28430.19922,28816.30078,1706490600,14.46,14.47,13.51,13.51,0,54.2,0.7138,1.1342,0.6841,1.3067,3.7376,1.3188,6.7112,6.5796,7.8481,71.07,110.7,1121.07,4.0760000000000005,19.131,8.6022,9.351,13.975,1.3509,179.3,0.9998,30.71,31.3,3290.6028
1551070800.0,0,1331.05,64.02,15.84,856,7585.299805,7602.689941,7551.609863,7554.459961,2363140000,2804.350098,2813.48999,2794.98999,2796.110107,3804380000,26126.15039,26241.41992,26080.66016,26091.94922,281600000,11517.75977,11544.30957,11480.49023,11505.38965,69949900,6186.299805,6186.299805,6106.0,6128.399902,0,28975.51953,29009.98047,28763.460939999997,28959.30078,3517972400,13.91,14.9,13.44,14.85,0,54.2,0.7169,1.1345,0.6885,1.3059,3.7305,1.3183,6.6844,6.5764,7.8486,70.82,111.07,1116.1,4.065,19.094,8.6093,9.3218,13.8075,1.3497,179.6,1.0006,30.74,31.27,3291.2812
1551157200.0,0,1325.05,64.51,15.77,857,7535.290039,7573.220215,7524.310059,7549.299805,2257710000,2792.360107,2803.1201170000004,2789.469971,2793.899902,3645680000,26051.60938,26155.28906,25966.00977,26057.98047,257850000,11446.29004,11556.87012,11441.87012,11540.79004,74034400,6128.399902,6156.399902,6127.700195,6150.299805,0,28971.23047,28971.23047,28700.00977,28772.06055,2758187900,15.16,15.28,14.52,15.17,0,54.2,0.7182,1.1374,0.6891,1.3252,3.7604,1.3175,6.6979999999999995,6.5602,7.8486,71.02,110.76,1116.88,4.069,19.155,8.5781,9.3018,13.885,1.348,179.7,1.0002,30.76,31.33,3291.7201
1551243600.0,0,1322.85,65.55,15.76,873,7526.419922,7562.290039,7485.390137,7554.509765999999,2423360000,2787.5,2795.76001,2775.1298829999996,2792.3798829999996,3767130000,25995.59961,26039.67969,25877.24023,25985.16016,255380000,11493.80957,11521.219729999999,11442.969729999999,11487.33008,84265200,6150.299805,6173.100098,6135.399902,6169.0,0,28833.160160000003,29014.18945,28701.4707,28757.43945,2378404200,15.53,16.17,14.7,14.7,0,54.2,0.7134,1.137,0.6841,1.3318,3.7375,1.3145,6.6822,6.5621,7.8493,71.15,110.92,1117.74,4.064,19.2095,8.5433,9.2671,13.9125,1.3491,179.7,1.0003,30.78,31.45,3293.5754
1551330000.0,1,1319.15,65.03,15.62,873,7533.310059,7561.899901999999,7516.47998,7532.529785,2647080000,2788.110107,2793.72998,2782.51001,2784.48999,4396930000,25984.2793,26029.21094,25896.56055,25916.0,338520000,11430.799809999999,11524.99023,11416.08008,11515.63965,84129900,6169.0,6209.899902,6164.899902,6192.700195,0,28719.710939999997,28917.49023,28571.13086,28633.179689999997,2086693500,15.17,15.24,14.39,14.78,0,54.2,0.7099,1.1379,0.6808,1.3274,3.7493,1.3166,6.6912,6.5568,7.8496,70.83,111.38,1124.65,4.065,19.265,8.5538,9.2341,14.075,1.3519999999999999,179.9,0.9974,30.83,31.57,3290.0742
1551416400.0,0,1311.95,63.71,15.46,868,7587.450195,7603.040039,7540.75,7595.350098000001,2463190000,2798.219971,2808.02002,2787.3798829999996,2803.689941,3972280000,26019.66992,26143.91992,25914.36914,26026.32031,289890000,11584.24023,11676.86035,11583.08008,11601.67969,72715100,6169.0,6209.899902,6164.899902,6192.700195,0,28716.59961,28860.19922,28663.710939999997,28812.16992,1927040400,14.57,14.84,13.41,13.57,0,55.3,0.708,1.1376,0.6806,1.3222,3.7852,1.3277,6.7048,6.5591,7.8481,70.9,111.89,1126.76,4.072,19.3065,8.5778,9.2607,14.1975,1.3549,179.6,0.9987,30.84,31.8,3293.9844
1551675600.0,0,1285.4,64.44,15.1,837,7636.620117,7643.660156,7501.560059,7577.569823999999,2569590000,2814.3701170000004,2816.8798829999996,2767.659912,2792.810059,3919810000,26122.18945,26155.98047,25611.55078,25819.65039,295510000,11646.20996,11650.44043,11591.74023,11592.66016,58412600,6217.399902,6217.399902,6175.700195,6199.299805,0,28855.10938,29241.80078,28760.66992,28959.589839999997,2682948700,13.77,16.98,13.38,14.63,0,55.3,0.7084,1.1328,0.6806,1.3186,3.775,1.3329,6.7045,6.586,7.849,70.91,111.68,1126.73,4.074,19.3,8.6555,9.3444,14.2425,1.3546,179.6,0.9994,30.83,31.86,3292.8173
1551762000.0,0,1283.8,64.24,14.99,839,7582.290039,7598.660156,7543.540039,7576.359863,2142610000,2794.409912,2796.439941,2782.969971,2789.649902,3585690000,25829.07031,25877.15039,25725.63086,25806.63086,252260000,11570.969729999999,11627.780270000001,11551.4502,11620.74023,63643000,6199.299805,6246.5,6199.299805,6245.600098,0,28823.160160000003,29025.789060000003,28734.81055,28961.59961,1951621500,14.52,15.39,14.26,14.74,0,55.3,0.7073,1.13,0.6787,1.3141,3.775,1.3352,6.706,6.603,7.8497,70.55,111.98,1126.46,4.074,19.275,8.6739,9.3244,14.1775,1.3566,178.85,1.0045,30.84,31.77,3292.8173
1551848400.0,0,1285.85,64.51,14.99,829,7575.379883,7579.02002,7499.870117,7505.919922,2242810000,2790.27002,2790.27002,2768.689941,2771.449951,3786600000,25818.75977,25837.60938,25633.71094,25673.46094,256250000,11593.20996,11652.76953,11565.219729999999,11587.62988,65204400,6245.600098,6270.899902,6243.600098,6263.899902,0,29003.25,29122.81055,28938.39063,29037.59961,1794494900,14.91,16.110001,14.74,15.74,0,55.3,0.7023,1.1320000000000001,0.6775,1.3148,3.8152,1.3445,6.7099,6.5912,7.8497,70.02,111.66,1127.18,4.087,19.3815,8.664,9.288,14.235,1.3574,178.3,1.0038,30.84,31.85,3292.8173
1551934800.0,0,1285.3,64.82,14.95,825,7483.790039,7489.080078,7397.189941,7421.459961,2440840000,2766.530029,2767.25,2739.090088,2748.929932,3904860000,25645.44922,25645.44922,25352.55078,25473.23047,289140000,11546.41992,11612.9502,11452.86035,11517.799809999999,99533100,6263.899902,6263.899902,6203.600098,6203.799805,0,28965.41992,29007.070310000003,28772.44922,28779.44922,1691993300,16.33,17.809998999999998,15.54,16.59,0,55.3,0.7032,1.1214,0.6771,1.3107,3.8836,1.3419999999999999,6.7132,6.6523,7.8498,70.09,111.6,1133.18,4.086,19.5795,8.7499,9.4392,14.5,1.3596,178.5,1.0106,30.91,31.86,3290.6627
1552021200.0,1,1296.75,65.66,14.94,818,7334.350098000001,7411.52002,7332.919922,7408.140137,2245430000,2730.790039,2744.1298829999996,2722.27002,2743.070068,3423130000,25347.38086,25466.14063,25252.46094,25450.24023,270500000,11429.76953,11475.549809999999,11405.20996,11457.83984,81946100,6263.899902,6263.899902,6203.600098,6203.799805,0,28409.14063,28533.75977,28201.089839999997,28228.41992,2998999600,17.379998999999998,18.33,16.02,16.049999,0,55.3,0.7048,1.1243,0.6807,1.301,3.8639,1.3426,6.7201,6.635,7.8497,70.0,111.11,1131.74,4.0889999999999995,19.4835,8.7639,9.4369,14.405,1.3586,178.4,1.0074,30.88,31.73,3290.6627
1552276800.0,1,1292.75,65.06,15.18,818,7442.560059,7558.22998,7442.399901999999,7558.060059,2226950000,2747.610107,2784.0,2747.610107,2783.300049,3749030000,25208.0,25661.63086,25208.0,25650.88086,309790000,11497.98047,11550.58984,11462.90039,11543.48047,71575600,6180.200195,6222.899902,6174.799805,6174.799805,0,28265.84961,28512.26953,28240.7793,28503.30078,1525534800,16.280001000000002,16.43,14.33,14.33,0,55.3,0.7056,1.1226,0.6828,1.3095,3.8435,1.3418,6.7215,6.6456,7.8498,69.82,111.21,1133.05,4.087,19.4275,8.6885,9.4168,14.36,1.3589,178.45,1.011,30.91,31.7,3291.341
1552363200.0,1,1297.05,65.33,15.24,838,7571.850098000001,7611.129883,7560.459961,7591.029785,2161400000,2787.340088,2798.320068,2786.72998,2791.52002,3414230000,25600.30078,25675.43945,25522.16992,25554.66016,317730000,11612.45996,11618.73047,11499.469729999999,11524.16992,87365300,6174.799805,6174.799805,6127.299805,6161.200195,0,28760.26953,28941.089839999997,28734.089839999997,28920.86914,0,13.97,14.7,13.61,13.77,0,55.3,0.7082,1.1276,0.6865,1.3101,3.8089999999999997,1.338,6.707000000000001,6.6149,7.8499,69.62,111.38,1127.89,4.082,19.3005,8.634,9.3647,14.3225,1.3561,178.6,1.0078,30.91,31.66,3291.341
1552449600.0,0,1306.95,65.89,15.32,848,7621.379883,7677.069823999999,7619.459961,7643.410156,2366350000,2799.780029,2821.23999,2799.780029,2810.919922,3766150000,25637.23047,25776.49023,25571.31055,25702.89063,331410000,11499.32031,11586.90039,11486.74023,11572.41016,78369100,6161.200195,6181.5,6153.399902,6179.600098,0,28924.2793,28924.2793,28690.36914,28807.44922,1183090900,14.0,14.05,13.25,13.41,0,55.3,0.7087,1.131,0.6858,1.3230000000000002,3.8249,1.3318,6.7064,6.5973,7.8499,69.52,111.23,1130.47,4.0865,19.335,8.5768,9.3031,14.4075,1.3535,178.8,1.0046,30.9,31.59,3291.341
1552536000.0,1,1295.55,66.18,15.26,828,7644.790039,7653.100098000001,7627.02002,7630.910156,2176510000,2810.3798829999996,2815.0,2803.459961,2808.47998,3469730000,25692.31055,25752.83984,25621.31055,25709.93945,302790000,11573.41992,11635.75977,11541.09961,11587.469729999999,87594200,6179.600098,6197.399902,6171.200195,6175.200195,0,28891.06055,28932.4707,28696.31055,28851.39063,1390223200,13.35,13.84,13.16,13.5,0,55.3,0.7061,1.1304,0.6822,1.3281,3.8339999999999996,1.3316,6.7209,6.6014,7.8499,69.33,111.71,1135.05,4.0889999999999995,19.3,8.5812,9.3143,14.4875,1.3557,178.8,1.0044,30.92,31.78,3291.341
1552622400.0,1,1303.5,66.11,15.14,832,7658.410156,7714.959961,7652.040039,7688.529785,3447190000,2810.790039,2830.72998,2810.790039,2822.47998,5962730000,25720.96094,25927.91016,25649.69922,25848.86914,616910000,11608.66992,11725.66016,11575.33008,11685.69043,187987500,6179.600098,6197.399902,6171.200195,6175.200195,0,28843.85938,29204.73047,28828.25977,29012.25977,1974569100,13.21,13.28,12.5,12.88,0,55.3,0.7089,1.1326,0.685,1.3278,3.8139999999999996,1.3337,6.7129,6.5893,7.8492,68.94,111.57,1134.44,4.0889999999999995,19.215,8.5377,9.2399,14.3975,1.3528,178.4,1.0026,30.85,31.68,3289.6852
1552881600.0,0,1305.6,66.65,15.16,839,7696.379883,7737.669922,7677.740234000001,7714.47998,2274490000,2822.610107,2835.409912,2821.98999,2832.939941,3552190000,25801.88086,25924.76953,25785.66016,25914.09961,399530000,11685.54004,11712.36035,11635.87988,11657.05957,91113700,6190.5,6206.299805,6174.0,6184.799805,0,29112.43945,29409.00977,29034.13086,29409.00977,1887811300,13.13,13.8,13.0,13.1,0,55.3,0.71,1.1337,0.6856,1.3223,3.8097,1.3342,6.7121,6.5818,7.8497,68.6,111.41,1131.74,4.0760000000000005,19.113,8.5571,9.2351,14.4325,1.3518,178.2,1.0004,30.78,31.69,3287.8797
1552968000.0,0,1307.7,67.13,15.24,853,7747.399901999999,7767.890137,7699.149901999999,7723.950195,2433160000,2840.76001,2852.419922,2823.27002,2832.570068,3620220000,25987.86914,26109.67969,25814.91992,25887.38086,342250000,11672.75977,11823.29004,11652.01953,11788.41016,81542500,6184.799805,6185.5,6155.200195,6165.299805,0,29419.14063,29486.15039,29319.50977,29466.2793,1747657200,12.89,13.77,12.37,13.56,0,55.3,0.7102,1.1346,0.6866,1.3263,3.767,1.3294,6.7106,6.5763,7.8498,69.02,111.38,1129.0,4.075,18.9925,8.521,9.202,14.435,1.3509,178.4,1.0001,30.8,31.67,3289.4657
1553054400.0,1,1303.7,68.35,15.21,863,7721.950195,7779.240234000001,7674.040039,7728.970215,2424400000,2831.340088,2843.540039,2812.429932,2824.22998,3771200000,25867.78906,25929.51953,25670.63086,25745.66992,321980000,11704.44043,11721.41016,11596.2002,11603.88965,100826500,6165.299805,6171.899902,6134.0,6167.200195,0,29357.18945,29435.81055,29251.25,29320.9707,1580528500,13.54,14.3,13.05,13.91,0,55.3,0.7088,1.1352,0.6848,1.3191,3.7856,1.3327,6.6916,6.5736,7.8499,68.85,111.41,1128.25,4.065,18.895,8.5405,9.1839,14.3725,1.3502,178.4,0.9974,30.8,31.74,3289.4657
1553140800.0,0,1309.6,68.3,15.44,874,7705.430176000001,7850.109863,7705.430176000001,7838.959961,2483580000,2819.719971,2860.310059,2817.3798829999996,2854.8798829999996,3546800000,25688.43945,26009.90039,25657.7793,25962.50977,335250000,11566.87012,11582.54004,11467.79004,11549.95996,91619300,6167.200195,6227.100098,6167.200195,6195.200195,0,29387.75,29446.76953,29051.84961,29071.56055,1750672700,14.11,14.56,13.26,13.63,0,55.3,0.711,1.1361,0.6875,1.3073,3.8176,1.3369,6.6952,6.5687,7.8473,68.72,110.86,1128.4,4.06,18.855,8.4699,9.1783,14.235,1.3494,177.95,0.9924,30.82,31.72,3290.7725
1553227200.0,0,1311.3,66.29,15.36,853,7800.25,7817.830078,7642.569823999999,7642.669922,2490730000,2844.52002,2846.159912,2800.469971,2800.709961,4237200000,25844.65039,25877.00977,25501.44922,25502.32031,386510000,11578.38965,11623.969729999999,11356.49023,11364.16992,112187500,6167.200195,6227.100098,6167.200195,6195.200195,0,29173.33008,29243.09961,28847.339839999997,29113.35938,1740699100,13.77,17.52,13.62,16.48,0,55.3,0.7091,1.1282,0.6888,1.3219,3.8942,1.3406,6.7162,6.6137,7.8466,69.01,109.76,1136.8,4.062,19.164,8.5816,9.2947,14.485,1.3521,177.95,0.9940000000000001,30.87,31.73,3288.9271
1553486400.0,1,1319.55,67.37,15.33,851,7618.97998,7662.379883,7579.290039,7637.540039,2130230000,2796.01001,2809.790039,2785.02002,2798.360107,3376580000,25490.7207,25603.26953,25372.25977,25516.83008,303120000,11323.2002,11392.0,11312.54004,11346.65039,75056300,6126.200195,6141.100098,6116.799805,6130.600098,0,28501.36914,28702.24023,28463.10938,28523.34961,2091121900,17.76,17.85,16.26,16.33,0,55.3,0.7114,1.1324,0.6916,1.3203,3.864,1.3418,6.7079,6.5922,7.8466,68.88,110.09,1131.88,4.067,18.995,8.5239,9.2282,14.3175,1.3499,178.05,0.9918,30.82,31.55,3286.7725
1553572800.0,0,1316.3,67.51,15.39,857,7700.0,7738.169922,7649.209961,7691.52002,2068900000,2812.659912,2829.8701170000004,2803.98999,2818.459961,3266050000,25649.56055,25796.28906,25544.7793,25657.73047,305110000,11374.17969,11447.12988,11299.799809999999,11419.48047,79984300,6130.600098,6136.0,6096.799805,6136.0,0,28677.75977,28701.59961,28435.06055,28566.910160000003,1406624800,16.219998999999998,16.299999,14.67,14.68,0,55.3,0.7140000000000001,1.128,0.6912,1.3215,3.8760000000000003,1.3389,6.7145,6.6183,7.849,68.98,110.5,1133.55,4.07,19.1035,8.5356,9.232000000000001,14.4275,1.3512,177.25,0.9940000000000001,30.84,31.62,3286.2438
1553659200.0,1,1309.7,67.35,15.3,869,7702.049805,7712.839844,7582.089844,7643.379883,2221650000,2819.719971,2825.560059,2787.719971,2805.3701170000004,3372930000,25676.33984,25758.16992,25425.26953,25625.58984,270340000,11439.01953,11502.34961,11368.12988,11419.04004,102107000,6136.0,6176.100098,6115.100098,6176.100098,0,28564.710939999997,28781.63086,28551.65039,28728.25,1475536600,14.52,16.709999,14.51,15.15,0,55.3,0.7070000000000001,1.125,0.6791,1.3192,3.9602,1.3434,6.7262,6.6359,7.8491,69.13,110.38,1138.09,4.07,19.342,8.6349,9.2772,14.6175,1.3564,176.05,0.9946,30.89,31.87,3286.2438
1553745600.0,1,1295.15,66.08,15.16,842,7660.069823999999,7689.160156,7619.819823999999,7669.169922,1902060000,2809.399902,2819.709961,2798.77002,2815.439941,3158170000,25693.32031,25743.41016,25576.68945,25717.46094,237170000,11422.16016,11494.15039,11414.66016,11428.16016,89405300,6176.100098,6213.399902,6176.100098,6180.700195,0,28663.19922,28816.589839999997,28558.80078,28775.210939999997,1582079600,15.38,15.62,14.41,14.43,0,55.3,0.7079,1.1236,0.6794,1.3088,3.9689,1.3424,6.7381,6.643,7.8499,69.23,110.54,1136.65,4.0760000000000005,19.3665,8.6408,9.2962,14.62,1.3563,176.1,0.9952,30.88,31.87,3286.2438
1553832000.0,1,1295.4,67.93,14.9,842,7726.709961,7733.620117,7688.509765999999,7729.319823999999,2233470000,2828.27002,2836.030029,2819.22998,2834.399902,3740700000,25827.31055,25949.32031,25771.66992,25928.67969,300620000,11492.08984,11549.41992,11442.12012,11526.04004,89325500,6176.100098,6213.399902,6176.100098,6180.700195,0,28812.64063,29100.68945,28761.88086,29051.35938,2695223000,14.19,14.43,13.64,13.71,0,55.3,0.7104,1.1228,0.682,1.3032,3.8892,1.3359999999999999,6.7112,6.6484,7.8498,69.16,110.68,1136.3,4.08,19.398,8.642000000000001,9.2949,14.4275,1.3544,175.35,0.9962,30.86,31.7,3286.2438
1554091200.0,1,1293.5,69.08,15.01,855,7800.240234000001,7831.450195,7777.089844,7828.910156,2198050000,2848.6298829999996,2869.399902,2848.6298829999996,2867.189941,3500760000,26075.09961,26280.90039,26071.68945,26258.41992,295570000,11617.17969,11706.63965,11612.7002,11681.99023,96979200,6217.0,6270.600098,6217.0,6242.399902,0,29383.7207,29612.36914,29383.7207,29562.01953,2475412300,13.9,14.01,13.32,13.4,0,52.8,0.7117,1.121,0.6813,1.3144,3.8699,1.3344,6.7102,6.6594,7.8495,69.18,111.29,1133.0,4.079,19.214000000000002,8.59,9.2821,14.1675,1.3547,174.25,0.9988,30.8,31.71,3286.2438
1554177600.0,1,1290.3,69.68,14.95,855,7824.609863,7854.919922,7811.279785,7848.689941,2110100000,2868.23999,2872.899902,2858.75,2867.23999,3246900000,26213.55078,26221.24023,26122.31055,26179.13086,250940000,11703.24023,11777.65039,11659.15039,11754.79004,77384300,6242.399902,6287.899902,6242.399902,6285.0,0,29736.99023,29736.99023,29534.41992,29624.66992,1858466500,13.62,13.68,13.13,13.36,0,52.8,0.7058,1.1186,0.6743,1.3035,3.8647,1.3357,6.7223,6.6731,7.8495,68.91,111.32,1137.16,4.083,19.2245,8.6205,9.3349,14.2525,1.3565,174.4,0.9986,30.84,31.78,3287.6802
1554264000.0,1,1290.45,69.21,15.03,862,7891.180176000001,7938.259765999999,7870.899901999999,7895.549805,2487210000,2876.090088,2885.25,2865.169922,2873.399902,3550240000,26238.0293,26282.16992,26138.4707,26218.13086,271980000,11855.40039,11961.36035,11854.20996,11954.40039,93396300,6285.0,6285.0,6221.100098,6232.799805,0,29785.26953,29999.339839999997,29715.76953,29986.39063,2019434600,13.06,14.27,12.85,13.74,0,52.8,0.7124,1.1242,0.6793,1.3181,3.8437,1.3315,6.7098,6.6398,7.8496,68.58,111.48,1134.29,4.077,19.1685,8.5516,9.2636,14.1375,1.3529,174.6,0.997,30.8,31.73,3287.9096
1554350400.0,1,1283.15,69.8,15.01,888,7894.259765999999,7917.649901999999,7844.959961,7891.779785,2094200000,2873.98999,2881.280029,2867.139893,2879.389893,3015180000,26213.41992,26398.90039,26212.7793,26384.63086,233040000,11924.61035,12029.25977,11916.57031,11988.00977,77816900,6232.799805,6232.799805,6169.799805,6181.299805,0,29950.41992,30050.910160000003,29765.55078,29936.320310000003,1854467500,13.84,14.03,13.4,13.58,0,52.8,0.7112,1.1216,0.6756,1.3072,3.8703,1.3357,6.7167,6.6548,7.849,69.03,111.55,1136.05,4.081,19.1775,8.5898,9.2768,14.1275,1.3547,174.5,1.0002,30.81,31.79,3290.2139
1554436800.0,1,1288.45,69.93,15.01,905,7914.509765999999,7940.450195,7909.140137,7938.689941,2148730000,2884.159912,2893.23999,2882.98999,2892.73999,3146820000,26427.56055,26487.57031,26370.82031,26424.99023,229550000,11993.219729999999,12024.23047,11967.7002,12009.75,72712300,6232.799805,6232.799805,6169.799805,6181.299805,0,29950.41992,30050.910160000003,29765.55078,29936.320310000003,1854467500,13.46,13.47,12.17,12.82,0,52.8,0.7099,1.1217,0.6725,1.301,3.8627,1.3387,6.7182,6.655,7.8497,69.11,111.71,1136.87,4.087,19.0735,8.6155,9.2875,14.0625,1.3553,174.7,1.0003,30.82,31.91,3292.159
1554696000.0,0,1300.0,71.12,15.02,914,7924.890137,7955.899901999999,7891.850098000001,7953.879883,2069190000,2888.459961,2895.949951,2880.780029,2895.77002,3054030000,26312.66992,26344.65039,26246.0293,26341.01953,229380000,11979.73047,11989.58984,11948.25977,11963.40039,63676500,6181.299805,6221.399902,6181.299805,6221.399902,0,30119.58008,30185.06055,29913.61914,30077.15039,2321011600,13.55,13.77,13.1,13.18,0,52.8,0.7124,1.1262,0.6742,1.3048,3.8569,1.3316,6.7158,6.6285,7.8451,69.56,111.47,1143.25,4.095,18.9615,8.5469,9.2523,14.12,1.3546,174.55,0.9994,30.82,31.9,3293.9844
1554782400.0,1,1303.0,71.02,15.12,905,7924.77002,7945.549805,7897.609863,7909.279785,2067570000,2886.580078,2886.8798829999996,2873.330078,2878.199951,3007980000,26243.53906,26246.33984,26103.14063,26150.58008,244410000,11927.00977,11988.530270000001,11850.57031,11850.57031,65890100,6221.399902,6228.899902,6203.700195,6221.799805,0,30065.99023,30222.01953,30018.98047,30157.49023,2049354000,13.46,14.39,13.31,14.28,0,52.8,0.7129,1.1278,0.6745,1.3048,3.8531,1.3319999999999999,6.7111,6.6202,7.8423,69.28,111.08,1140.25,4.092,18.905,8.5392,9.2437,14.05,1.3533,174.65,0.9999,30.83,31.75,3299.9993
1554868800.0,1,1305.45,71.63,15.08,895,7922.72998,7965.330078,7916.899901999999,7964.240234000001,1998280000,2881.3701170000004,2889.709961,2879.1298829999996,2888.209961,3062380000,26173.71094,26209.49023,26101.24023,26157.16016,203130000,11864.45996,11937.11035,11863.799809999999,11905.91016,66565400,6221.799805,6235.399902,6199.299805,6223.5,0,30052.26953,30139.60938,29892.61914,30119.56055,1814064400,14.09,14.29,13.27,13.3,0,52.8,0.7158,1.1266,0.6756,1.31,3.8269,1.3322,6.7153,6.6261,7.8368,69.12,110.92,1137.26,4.105,18.8285,8.4993,9.2637,13.905,1.3521,174.55,1.0019,30.83,31.75,3301.0268
1554955200.0,1,1298.8,71.3,15.09,908,7975.200195,7975.200195,7933.410156,7947.359863,1956840000,2891.919922,2893.419922,2881.98999,2888.320068,2938540000,26188.21094,26229.88086,26062.58984,26143.05078,211680000,11914.50977,11963.42969,11846.59961,11935.2002,76193900,6223.5,6223.5,6184.0,6198.700195,0,30138.14063,30184.60938,29783.66992,29839.44922,1897154200,13.37,13.58,12.91,13.02,0,52.8,0.7128,1.1262,0.6729,1.3068,3.8509,1.3379,6.7188,6.6284,7.8436,68.97,111.48,1140.73,4.112,18.8525,8.5353,9.2745,14.005,1.3555,174.45,1.0027,30.85,31.85,3303.5405
1555041600.0,0,1294.3,71.57,14.85,899,7984.149901999999,7992.089844,7952.609863,7984.160156,1955290000,2900.860107,2910.540039,2898.3701170000004,2907.409912,3688490000,26357.78906,26436.67969,26309.7207,26412.30078,369910000,11912.58008,12031.15039,11889.99023,11999.92969,90100600,6198.700195,6251.299805,6198.700195,6251.299805,0,29806.34961,29909.75977,29694.84961,29909.75977,1560692000,12.96,12.96,11.95,12.01,0,52.8,0.7176,1.1304,0.6769,1.3086,3.8711,1.3332,6.7039,6.603,7.8427,69.21,112.0,1133.0,4.112,18.7555,8.4956,9.2636,13.935,1.3530000000000002,174.5,1.0017,30.84,31.79,3306.0542
1555300800.0,1,1285.65,70.9,14.83,884,7987.160156,7993.330078,7933.569823999999,7976.009765999999,1816920000,2908.320068,2909.600098,2896.47998,2905.580078,3088330000,26407.75977,26424.84961,26316.41992,26384.76953,250620000,12011.11035,12029.98047,11983.33008,12020.280270000001,63168000,6251.299805,6259.399902,6238.899902,6251.399902,0,30119.84961,30280.11914,29810.7207,29810.7207,2010638200,12.46,13.14,12.24,12.32,0,52.8,0.7178,1.1304,0.6764,1.3105,3.8717,1.3372,6.7072,6.6036,7.8388,69.38,112.0,1133.6,4.1080000000000005,18.861,8.4957,9.2573,14.015,1.3524,174.5,1.0039,30.85,31.78,3310.6626
1555387200.0,0,1276.35,70.74,14.85,886,8000.569823999999,8017.560059,7978.810059,8000.22998,2095330000,2912.26001,2916.060059,2900.709961,2907.060059,3402210000,26482.18945,26530.71094,26397.18945,26452.66016,302340000,12026.74023,12116.25,12025.66016,12101.32031,80876600,6251.399902,6282.799805,6237.600098,6277.399902,0,29754.30078,30142.85938,29665.10938,30129.86914,2546181500,12.26,12.47,11.85,12.18,0,52.8,0.7174,1.1293,0.6761,1.3049,3.8972,1.335,6.7112,6.6071,7.8434,69.51,111.95,1136.13,4.131,18.962,8.4791,9.2445,14.055,1.3541,174.6,1.0066,30.85,31.82,4089.75
1555473600.0,1,1275.85,71.14,14.9,889,8044.970215,8052.399901999999,7973.379883,7996.080078,2290690000,2916.040039,2918.0,2895.449951,2900.449951,3602300000,26468.5293,26501.01953,26391.85938,26449.53906,367780000,12100.44043,12195.0,12086.88965,12153.07031,99213800,6277.399902,6286.0,6249.600098,6256.399902,0,30160.68945,30178.58008,30004.9707,30124.679689999997,2035147300,12.12,13.02,11.03,12.6,0,52.8,0.7168,1.1297,0.6711,1.3036,3.9381,1.3345,6.687,6.6073,7.8442,69.43,112.0,1131.7,4.133,18.8405,8.4793,9.245,14.005,1.3530000000000002,174.5,1.0099,30.79,31.8,4103.0766
1555560000.0,0,1275.7,70.71,14.84,892,7998.450195,8002.310059,7950.970215,7998.060059,2089360000,2904.810059,2908.399902,2891.899902,2905.030029,3506850000,26463.36914,26602.41992,26444.5293,26559.53906,332850000,12138.13965,12243.62988,12100.0,12222.38965,105586700,6256.399902,6280.399902,6248.200195,6259.799805,0,30088.65039,30101.83008,29896.85938,29963.25977,1569930600,12.8,13.12,12.02,12.09,0,52.8,0.715,1.1241,0.6679,1.3003,3.9302,1.3372,6.7081,6.6419,7.8452,69.42,111.94,1136.2,4.141,18.758,8.513,9.3007,14.0375,1.3559,173.95,1.0154,30.83,31.83,4103.0766
1555646400.0,1,1275.7,70.71,14.83,892,7998.450195,8002.310059,7950.970215,7998.060059,2089360000,2904.810059,2908.399902,2891.899902,2905.030029,3506850000,26463.36914,26602.41992,26444.5293,26559.53906,332850000,12138.13965,12243.62988,12100.0,12222.38965,105586700,6256.399902,6280.399902,6248.200195,6259.799805,0,30088.65039,30101.83008,29896.85938,29963.25977,1569930600,12.8,13.12,12.02,12.09,0,52.8,0.715,1.1246,0.6691,1.3003,3.9311,1.3386,6.7032,6.643,7.8445,69.37,111.92,1135.4,4.13,18.7705,8.5155,9.3027,14.0725,1.3553,173.95,1.0144,30.82,31.81,4103.0766
1555905600.0,1,1275.7,70.71,15.0,907,7969.370117,8017.149901999999,7965.899901999999,8015.27002,1776060000,2898.780029,2909.51001,2896.350098,2907.969971,2997950000,26510.76953,26553.05078,26458.60938,26511.05078,232570000,12138.13965,12243.62988,12100.0,12222.38965,105586700,6256.399902,6280.399902,6248.200195,6259.799805,0,30088.65039,30101.83008,29896.85938,29963.25977,1569930600,13.21,13.36,12.38,12.42,0,52.8,0.7134,1.1258,0.6677,1.2983,3.9281,1.3352,6.7112,6.6317,7.8445,69.64,111.94,1140.52,4.13,18.837,8.495,9.3024,14.16,1.3564,174.5,1.0155,30.84,31.86,4103.0766
1555992000.0,0,1269.5,74.39,14.87,891,8026.75,8128.870117,8023.810059,8120.819823999999,2075070000,2909.98999,2936.310059,2908.530029,2933.679932,3635030000,26513.83008,26695.96094,26503.56055,26656.39063,311690000,12224.32031,12251.80957,12182.98047,12235.50977,75030200,6259.799805,6321.700195,6259.799805,6319.399902,0,29782.94922,30055.93945,29755.86914,29963.24023,2006226400,12.66,12.69,12.08,12.28,0,52.8,0.7096,1.1213,0.6648,1.2943,3.9418,1.3419999999999999,6.7249,6.6587,7.8433,69.78,111.86,1143.22,4.125,18.949,8.5507,9.3665,14.305,1.3575,174.5,1.0218,30.86,31.99,5187.0
1556078400.0,0,1271.65,73.59,14.69,886,8122.879883,8139.549805,8101.700195,8102.009765999999,2022490000,2934.0,2936.830078,2926.050049,2927.25,3448960000,26652.56055,26680.58008,26582.85938,26597.05078,283370000,12232.99023,12349.83008,12223.98047,12313.16016,103247100,6319.399902,6390.5,6319.399902,6382.100098,0,30112.18945,30112.18945,29682.86914,29805.83008,1748986700,12.53,13.23,12.26,13.14,0,52.8,0.7026,1.1192,0.6606,1.2947,3.9758,1.3465,6.7207,6.671,7.8417,69.91,111.81,1155.65,4.125,19.01,8.6015,9.3982,14.405,1.3604,174.7,1.0184,30.89,32.02,5188.0274
1556164800.0,1,1280.8,74.94,14.8,879,8150.850098000001,8151.839844,8075.410156,8118.680176000001,2063270000,2928.98999,2933.100098,2912.840088,2926.169922,3425280000,26426.36914,26536.48047,26310.2793,26462.08008,296730000,12304.530270000001,12321.79004,12236.13965,12282.59961,93386700,6319.399902,6390.5,6319.399902,6382.100098,0,29667.51953,29849.69922,29535.19922,29549.80078,1644483200,13.29,14.3,12.81,13.25,0,52.8,0.701,1.114,0.6616,1.2901,3.9635,1.3494,6.7418,6.7022,7.8437,70.19,111.59,1160.15,4.1339999999999995,19.0965,8.6631,9.5287,14.4275,1.3633,175.0,1.0199,30.94,32.06,5188.8753
1556251200.0,1,1284.2,71.03,14.87,893,8100.279785,8146.419922,8060.890137,8146.399901999999,1971270000,2925.810059,2939.8798829999996,2917.560059,2939.8798829999996,3248500000,26454.61914,26543.56055,26392.55078,26543.33008,317290000,12284.45996,12323.63965,12259.75977,12315.17969,87343400,6382.100098,6388.200195,6362.299805,6385.600098,536877500,29513.08008,29672.789060000003,29504.14063,29605.00977,1411001700,13.44,13.62,12.49,12.73,0,52.8,0.7044,1.1154,0.667,1.2930000000000001,3.9227,1.3459,6.7282,6.693,7.8433,69.93,111.6,1158.1,4.131,18.951,8.6739,9.4979,14.3225,1.3605,175.2,1.0190000000000001,30.9,31.91,5188.9651
1556510400.0,1,1279.5,71.22,14.91,900,8147.649901999999,8176.080078,8136.410156,8161.850098000001,1761110000,2940.580078,2949.52002,2939.350098,2943.030029,3118780000,26559.86914,26602.53906,26520.75,26554.39063,279450000,12308.98047,12376.05957,12266.33984,12328.01953,68558100,6385.600098,6385.600098,6348.0,6359.5,0,29730.84961,29917.10938,29639.38086,29892.81055,1250717200,13.04,13.27,12.65,13.11,0,52.8,0.7054,1.1166,0.6665,1.2924,3.9362,1.3448,6.7332,6.6867,7.8432,69.8,111.8,1160.0,4.132,19.0185,8.6766,9.5242,14.3075,1.3619,175.6,1.0201,30.91,31.92,5189.2544
1556596800.0,0,1282.3,72.19,14.82,900,8104.910156,8124.609863,8050.549805,8095.390137,2115770000,2937.139893,2948.219971,2924.110107,2945.830078,3919330000,26594.56055,26614.03906,26419.4707,26592.91016,340320000,12313.969729999999,12345.30957,12281.719729999999,12344.08008,79970400,6359.5,6359.5,6316.299805,6325.5,0,29828.15039,29855.75977,29620.44922,29699.10938,1359023200,13.11,14.05,12.88,13.12,0,52.8,0.7040000000000001,1.1201,0.667,1.3030000000000002,3.9367,1.3427,6.7347,6.6651,7.8451,69.64,111.4,1165.1,4.132,18.9945,8.6434,9.5041,14.325,1.3613,176.0,1.02,30.91,31.89,5189.8828
1556683200.0,0,1283.8,72.01,14.79,884,8132.930176000001,8146.0,8048.22998,8049.640137,2247420000,2952.330078,2954.1298829999996,2923.360107,2923.72998,3645850000,26639.06055,26689.39063,26426.38086,26430.14063,303850000,12313.969729999999,12345.30957,12281.719729999999,12344.08008,79970400,6325.5,6380.200195,6325.5,6375.899902,0,29828.15039,29855.75977,29620.44922,29699.10938,1359023200,12.86,14.83,12.74,14.8,0,52.1,0.7038,1.1246,0.6652,1.3091,3.9195,1.3417,6.7319,6.6394,7.8448,69.52,111.18,1161.61,4.132,18.8515,8.6371,9.4968,14.365,1.3586,176.0,1.0137,30.89,31.91,5189.9327
1556769600.0,1,1270.95,70.56,14.54,855,8046.47998,8094.060059,7976.77002,8036.77002,2158600000,2922.159912,2931.679932,2900.5,2917.52002,3778890000,26407.15039,26454.68945,26180.35938,26307.78906,287610000,12349.09961,12402.87012,12303.95996,12345.41992,93465200,6375.899902,6375.899902,6323.5,6338.399902,0,29828.15039,29855.75977,29620.44922,29699.10938,1359023200,14.35,15.92,13.8,14.42,0,52.1,0.7002,1.1184,0.6618,1.3032,3.9644,1.3468,6.7337,6.6748,7.8438,69.4,111.39,1166.62,4.1355,19.125999999999998,8.7627,9.5663,14.5375,1.3626,176.4,1.018,30.92,32.04,5189.9327
1556856000.0,0,1278.55,71.95,14.5,855,8092.879883,8164.709961,8084.799805,8164.0,2046040000,2929.209961,2947.850098,2929.209961,2945.639893,3338120000,26379.14063,26534.96094,26370.08984,26504.94922,248900000,12345.32031,12435.66992,12344.23047,12412.75,76747600,6338.399902,6355.0,6327.200195,6335.799805,0,29828.15039,29855.75977,29620.44922,29699.10938,1359023200,14.11,14.15,12.8,12.87,0,52.1,0.7018,1.1186,0.6642,1.3139,3.9366,1.3425,6.7337,6.6735,7.845,69.08,111.28,1165.95,4.141,18.982,8.7056,9.5483,14.37,1.3609,177.15,1.0178,30.87,31.92,5190.202
1557115200.0,0,1278.55,71.95,14.74,863,7981.850098000001,8135.540039,7981.850098000001,8123.290039,1966120000,2908.889893,2937.320068,2898.209961,2932.469971,3181520000,26160.61914,26476.26953,26033.94922,26438.48047,283020000,12171.90039,12298.66016,12135.41992,12286.87988,85773700,6335.799805,6335.799805,6248.399902,6283.700195,0,29342.38086,29384.00977,28956.4707,29209.820310000003,2934065800,12.89,18.799999,12.89,15.44,0,52.1,0.6995,1.1197,0.6606,1.3093,3.9534,1.3446,6.7602,6.6678,7.8449,69.4,110.86,1169.2,4.146,18.9775,8.7287,9.5618,14.4825,1.3631,177.2,1.0179,30.92,31.88,5189.8429
1557201600.0,0,1281.2,70.98,14.78,875,8043.52002,8070.970215,7899.02002,7963.759765999999,2376660000,2913.030029,2913.030029,2862.600098,2884.050049,3767100000,26276.90039,26276.90039,25789.71094,25965.08984,334960000,12298.70996,12319.049809999999,12056.799809999999,12092.74023,106514900,6283.700195,6341.899902,6283.700195,6295.700195,0,29313.58008,29480.039060000003,29156.44922,29363.01953,1997665400,15.9,21.84,15.8,19.32,0,52.1,0.7004,1.1178,0.6593,1.3052,3.9847,1.3472,6.7755,6.6789,7.8483,69.62,110.34,1172.5,4.147,19.0425,8.7509,9.5996,14.44,1.3636,176.75,1.0215,30.95,31.91,5189.9227
1557288000.0,0,1285.2,71.09,14.8,866,7946.240234000001,8004.490234000001,7923.350098000001,7943.319823999999,2175100000,2879.610107,2897.959961,2873.280029,2879.419922,3485790000,25933.78906,26118.09961,25889.41016,25967.33008,276420000,12110.87012,12208.48047,12063.74023,12179.92969,98005900,6295.700195,6295.700195,6241.5,6269.100098,0,28987.089839999997,29252.0,28945.910160000003,29003.19922,2182802000,18.950001,21.74,18.290001,19.4,0,52.1,0.7004,1.1206,0.6587,1.3014,3.929,1.3458,6.7818,6.6621,7.8489,69.73,110.12,1170.2,4.147,19.07,8.7591,9.5894,14.3375,1.3617,174.4,1.0181,30.93,31.77,5189.803
1557374400.0,1,1286.1,70.61,14.71,850,7853.209961,7929.779785,7796.160156,7910.589844,2520770000,2859.840088,2875.969971,2836.399902,2870.719971,3638820000,25878.84961,25884.89063,25517.39063,25828.35938,334760000,12098.01953,12125.95996,11957.30957,11973.91992,106142600,6269.100098,6300.200195,6258.799805,6295.299805,0,28839.34961,28891.10938,28281.98047,28311.070310000003,2907223700,21.4,23.379998999999998,18.870001000000002,19.1,0,52.1,0.6976,1.1228,0.6584,1.3013,3.9646,1.349,6.8256,6.6486,7.8485,70.21,109.55,1183.1,4.152,19.274,8.7785,9.6466,14.39,1.3653,175.2,1.0133,31.01,31.82,5189.7631
1557460800.0,0,1287.1,71.63,14.67,857,7881.310059,7949.339844,7759.339844,7916.939941,2387720000,2863.100098,2891.310059,2825.389893,2881.399902,3529600000,25763.7207,26019.32031,25469.85938,25942.36914,294580000,12105.280270000001,12140.61035,12009.75,12059.83008,137835700,6295.299805,6317.399902,6283.600098,6310.899902,0,28462.339839999997,28833.44922,28203.2207,28550.24023,2421480000,18.790001,20.190001000000002,15.57,16.040001,0,52.1,0.6998,1.1241,0.66,1.3036,3.9614,1.3428,6.8217,6.6414,7.8487,70.02,109.56,1176.62,4.157,19.1385,8.7273,9.6173,14.1825,1.3624,175.98,1.0109,30.95,31.55,5189.6135
1557720000.0,1,1295.6,72.35,14.58,862,7720.069823999999,7760.830078,7627.220215,7647.02002,2478860000,2840.189941,2840.189941,2801.429932,2811.8701170000004,3894030000,25568.06055,25568.06055,25222.50977,25324.99023,361240000,12044.09961,12052.92969,11844.469729999999,11876.65039,107254900,6310.899902,6310.899902,6277.899902,6297.600098,0,28462.339839999997,28833.44922,28203.2207,28550.24023,2421480000,18.620001000000002,21.32,18.35,20.549999,0,52.1,0.6948,1.1232,0.6572,1.2961,3.9778,1.3467,6.8765,6.6487,7.8491,70.62,109.18,1186.94,4.163,19.1955,8.7556,9.6251,14.35,1.3704,176.5,1.0064,31.16,31.62,5189.5635
1557806400.0,1,1298.4,72.53,14.66,859,7689.660156,7776.200195,7665.299805,7734.490234000001,2084850000,2820.1201170000004,2852.540039,2820.1201170000004,2834.409912,3322720000,25384.0293,25688.96094,25384.0293,25532.05078,291570000,11908.76953,11991.83008,11897.92969,11991.62012,103014000,6297.600098,6297.600098,6203.100098,6239.899902,0,27951.11914,28205.960939999997,27925.61914,28122.01953,2875261200,19.4,19.65,17.450001,18.059998999999998,0,52.1,0.6946,1.1207,0.6577,1.2921,3.9737,1.3466,6.8737,6.6479,7.8494,70.3,109.68,1186.94,4.163,19.1455,8.758,9.626,14.2275,1.3682,176.39,1.0088,31.07,31.62,5249.3954
1557892800.0,1,1299.1,73.09,14.68,848,7682.799805,7838.720215,7682.240234000001,7822.149901999999,2001530000,2820.3798829999996,2858.679932,2815.080078,2850.959961,3125950000,25400.13086,25724.89063,25341.93945,25648.01953,270720000,12018.4502,12099.57031,11862.20996,12099.57031,122060600,6239.899902,6291.299805,6239.899902,6284.200195,0,28171.320310000003,28441.49023,28171.320310000003,28268.710939999997,2244890100,17.57,19.15,16.41,16.440001000000002,0,52.1,0.693,1.1208,0.6562,1.2878,3.9845,1.3432,6.8742,6.6617,7.8495,70.22,109.58,1188.74,4.173,19.061,8.7169,9.6003,14.1975,1.3686,176.1,1.0090000000000001,31.11,31.54,5242.9838
1557979200.0,0,1291.7,74.7,14.66,843,7832.580078,7946.22998,7826.669922,7898.049805,2163120000,2855.800049,2892.149902,2855.800049,2876.320068,3338060000,25692.14063,25957.63086,25692.14063,25862.67969,320960000,12077.36035,12310.37012,12030.299809999999,12310.37012,105731200,6284.200195,6327.799805,6272.799805,6327.799805,0,28117.48047,28379.36914,28050.7793,28275.070310000003,2372367500,16.690001000000002,17.129998999999998,15.16,15.29,0,52.1,0.6905,1.1178,0.655,1.2803,4.0061,1.3433,6.8832,6.6798,7.8494,70.08,109.89,1190.52,4.173,19.073,8.7184,9.6018,14.2125,1.3706,175.9,1.0101,31.11,31.63,5355.5059
1558065600.0,0,1280.8,73.94,14.41,823,7829.029785,7918.709961,7810.350098000001,7816.279785,2134120000,2858.600098,2885.47998,2854.22998,2859.530029,3257950000,25719.94922,25948.74023,25657.7793,25764.0,283760000,12252.67969,12270.88965,12150.33008,12238.94043,101339900,6327.799805,6398.299805,6327.799805,6365.299805,0,28428.0,28428.0,27909.73047,27946.460939999997,1922181900,15.89,16.809998999999998,14.86,15.96,0,52.1,0.6874,1.1166,0.6522,1.2723,4.0909,1.3477,6.9182,6.6883,7.8496,70.28,109.9,1195.07,4.176,19.1665,8.7836,9.6408,14.4275,1.3769,175.7,1.0108,31.31,31.83,5388.6802
1558324800.0,1,1276.85,73.21,14.3,812,7714.060059,7747.27002,7678.350098000001,7702.379883,2122410000,2841.939941,2853.860107,2831.290039,2840.22998,3288870000,25655.31055,25751.71094,25560.55078,25679.90039,279560000,12226.84961,12246.5,11993.91016,12041.29004,102250300,6365.299805,6476.100098,6365.299805,6476.100098,0,27959.23047,27999.59961,27699.23047,27787.60938,2260468500,15.88,17.629998999999998,15.46,16.309998999999998,0,52.1,0.6913,1.117,0.6537,1.2718,4.1133,1.3432,6.9111,6.6867,7.8493,69.59,109.96,1193.81,4.176,19.1,8.7791,9.6552,14.375,1.3761,175.7,1.0082,31.4,31.89,5543.0673
1558411200.0,0,1271.15,72.94,14.31,810,7765.569823999999,7804.439941,7752.919922,7785.720215,1993210000,2854.02002,2868.8798829999996,2854.02002,2864.360107,3218700000,25782.33984,25898.26953,25779.60938,25877.33008,260870000,12111.799809999999,12178.25,12066.90039,12143.469729999999,88105000,6476.100098,6500.100098,6444.399902,6500.100098,0,27671.40039,27915.160160000003,27598.06055,27657.24023,2229189200,15.86,16.219998999999998,14.79,14.95,0,52.1,0.6876,1.1158,0.6506,1.2747,4.0678,1.3425,6.9007,6.6929,7.8495,69.61,110.6,1194.31,4.185,19.035999999999998,8.7718,9.66,14.3875,1.3775,176.07,1.0104,31.48,31.95,5531.887
1558497600.0,0,1273.8,71.94,14.31,808,7749.799805,7786.330078,7738.350098000001,7750.839844,1881830000,2856.060059,2865.469971,2851.110107,2856.27002,3192510000,25818.46094,25878.21094,25755.10938,25776.60938,241760000,12141.45996,12211.030270000001,12055.5,12168.74023,84501900,6500.100098,6510.899902,6478.600098,6510.700195,0,27753.539060000003,27828.81055,27640.61914,27705.93945,1705803400,15.06,15.44,14.42,14.75,0,52.1,0.688,1.1156,0.6497,1.2674,4.0245,1.3417,6.9054,6.6929,7.8497,69.71,110.28,1194.36,4.185,18.983,8.7495,9.6331,14.385,1.3789,176.35,1.0090000000000001,31.52,31.92,5619.5436
1558584000.0,1,1283.65,68.37,14.32,798,7660.720215,7665.149901999999,7585.319823999999,7628.279785,2243420000,2836.699951,2836.699951,2805.48999,2822.23999,3891980000,25657.99023,25657.99023,25328.08984,25490.4707,316940000,12064.29004,12082.75,11926.33984,11952.41016,114561400,6510.700195,6510.700195,6480.200195,6491.799805,0,27505.5293,27523.85938,27169.66992,27267.13086,2219416000,15.93,18.049999,15.28,16.92,0,52.1,0.6896,1.1172,0.6521,1.2666,4.0329,1.3471,6.9087,6.6852,7.849,69.66,109.58,1189.31,4.1929,19.017,8.7499,9.624,14.4475,1.3791,176.35,1.004,31.52,31.92,5624.349
1558670400.0,0,1282.5,67.98,14.45,802,7675.569823999999,7694.149901999999,7631.25,7637.009765999999,1682920000,2832.409912,2841.360107,2820.189941,2826.060059,2887390000,25551.07031,25670.81055,25496.19922,25585.68945,201370000,12027.30957,12082.049809999999,11990.79004,12011.04004,79888800,6491.799805,6491.799805,6437.299805,6456.0,0,27368.679689999997,27457.589839999997,27291.93945,27353.929689999997,1677043500,16.34,16.52,15.52,15.85,0,52.1,0.6914,1.1197,0.6548,1.27,4.0251,1.3454,6.8997,6.6697,7.849,69.37,109.38,1186.2,4.187,19.062,8.7079,9.5539,14.4275,1.3756,176.35,1.0021,31.52,31.83,5627.3933
1558929600.0,0,1282.5,67.98,14.48,802,7675.569823999999,7694.149901999999,7631.25,7637.009765999999,1682920000,2832.409912,2841.360107,2820.189941,2826.060059,2887390000,25551.07031,25670.81055,25496.19922,25585.68945,201370000,12077.87988,12124.549809999999,12050.49023,12071.17969,42454900,6455.799805,6464.600098,6447.600098,6451.899902,0,27239.08008,27371.34961,27105.2207,27288.089839999997,1264256500,16.34,16.52,15.52,15.85,0,52.1,0.6914,1.1197,0.6548,1.27,4.0251,1.3454,6.8997,6.6697,7.849,69.37,109.38,1186.2,4.187,19.062,8.7079,9.5539,14.4275,1.3756,176.35,1.0021,31.52,31.83,5627.3933
1559016000.0,0,1278.3,70.19,14.41,805,7655.660156,7693.740234000001,7603.759765999999,7607.350098000001,2352670000,2830.030029,2840.51001,2801.580078,2802.389893,4121410000,25616.55078,25717.63086,25342.2793,25347.76953,358980000,12100.38965,12113.30957,11992.41016,12027.049809999999,117658500,6451.899902,6491.700195,6451.899902,6484.799805,0,27274.83008,27490.55078,27230.089839999997,27390.81055,3043711500,16.549999,17.700001,15.9,17.5,0,52.1,0.693,1.1177,0.6549,1.2668,4.0215,1.3473,6.9078,6.6796,7.8495,69.56,109.49,1186.66,4.1875,19.1735,8.6962,9.5673,14.73,1.3778,176.15,1.0086,31.47,31.82,5755.399
1559102400.0,1,1281.65,70.64,14.26,797,7553.02002,7581.109863,7503.939941,7547.310059,2278790000,2790.25,2792.030029,2766.060059,2783.02002,3700050000,25231.46094,25231.46094,24938.24023,25126.41016,298930000,11906.01953,11927.63965,11828.75,11837.80957,88123100,6484.799805,6484.799805,6419.299805,6440.0,0,27226.94922,27429.36914,27178.710939999997,27235.710939999997,2236869000,18.549999,19.040001,17.620001000000002,17.9,0,52.1,0.6912,1.1136,0.6511,1.2631,3.9937,1.3533,6.9138,6.6798,7.8488,69.8,109.24,1186.66,4.1875,19.225,8.6982,9.5692,14.73,1.3818,176.15,1.0066,31.58,31.82,5755.3989
1559188800.0,0,1280.95,69.55,14.27,792,7565.459961,7595.899901999999,7527.660156,7567.720215,1872000000,2786.939941,2799.0,2776.73999,2788.860107,3273790000,25139.93945,25218.53906,25066.75,25169.88086,215240000,11885.07031,11924.66016,11858.29004,11902.08008,46452800,6440.0,6440.0,6379.700195,6392.100098,0,27319.25,27319.25,27020.73047,27114.88086,1884022200,17.469998999999998,18.110001,16.719998999999998,17.299999,0,52.1,0.691,1.114,0.6507,1.2619,3.9658,1.3508,6.9011,6.7039,7.8477,69.81,109.67,1189.14,4.1901,19.0895,8.7602,9.5312,14.7,1.379,176.25,1.0074,31.6,31.77,5815.0758
1559275200.0,0,1295.55,66.78,14.39,792,7470.950195,7506.859863,7448.22998,7453.149901999999,2236940000,2766.149902,2768.97998,2750.52002,2752.060059,3981020000,25046.31055,25046.31055,24809.50977,24815.03906,292230000,11742.20996,11755.12012,11662.07031,11726.83984,95536100,6392.100098,6398.799805,6362.200195,6396.899902,0,27002.960939999997,27155.35938,26850.26953,26901.089839999997,1829465900,19.049999,19.719998999999998,18.01,18.709999,0,52.1,0.693,1.1149,0.6525,1.262,3.9216,1.3523,6.9027,6.6978,7.8387,69.63,108.66,1190.5,4.188,19.652,8.7559,9.513,14.585,1.3753,176.26,1.0034,31.59,31.56,5716.5669
1559534400.0,1,1317.1,63.16,14.52,803,7441.209961,7457.660156,7292.220215,7333.02002,2576920000,2751.530029,2763.070068,2728.810059,2744.449951,3943810000,24830.16016,24935.21094,24680.57031,24819.7793,328240000,11661.12012,11793.62988,11620.63965,11792.80957,101223100,6396.899902,6396.899902,6320.5,6320.5,0,26909.710939999997,26968.09961,26735.48047,26893.85938,1716241600,19.41,19.75,18.16,18.860001,0,52.1,0.6955,1.1206,0.6575,1.2621,3.8918,1.3471,6.9028,6.6644,7.8359,69.15,108.39,1180.97,4.1827,19.768,8.7213,9.4729,14.49,1.3686,176.4,0.9994,31.41,31.34,5716.5669
1559620800.0,1,1324.25,63.56,14.64,820,7413.939941,7529.5,7385.02002,7527.120117,2369150000,2762.639893,2804.48999,2762.639893,2803.27002,3810430000,24962.82031,25343.76953,24962.82031,25332.17969,281690000,11716.549809999999,11987.88965,11713.87012,11971.16992,104436100,6320.5,6343.0,6315.600098,6332.399902,0,26994.08008,26994.08008,26671.90039,26761.51953,1527666000,18.74,18.74,16.969998999999998,16.969998999999998,0,52.1,0.6987,1.1236,0.6597,1.2675,3.8593,1.3417,6.9072,6.6452,7.8419,69.28,108.3,1180.58,4.1719,19.555999999999997,8.7109,9.4561,14.7125,1.369,176.35,0.9940000000000001,31.46,31.35,5873.2446
1559707200.0,1,1335.05,62.14,14.7,826,7585.680176000001,7589.470215,7498.169922,7575.47998,2115570000,2818.090088,2827.280029,2800.919922,2826.149902,3548830000,25451.0,25544.66016,25373.58008,25539.57031,262660000,11981.17969,12057.73047,11928.87012,11980.80957,79352400,6332.399902,6387.600098,6332.399902,6358.5,0,27116.08008,27119.48047,26803.66016,26895.43945,1894174900,17.059998999999998,17.49,16.040001,16.09,0,52.1,0.6974,1.1242,0.6624,1.2706,3.8655,1.3409,6.9084,6.6426,7.8408,69.41,108.2,1178.24,4.1719,19.551,8.7271,9.4394,14.8925,1.3659999999999999,176.25,0.9919,31.35,31.4,5889.0375
1559793600.0,1,1335.5,62.77,14.7,804,7582.240234000001,7634.120117,7546.220215,7615.549805,2070940000,2828.51001,2852.100098,2822.449951,2843.48999,3396410000,25567.44922,25800.30078,25518.05078,25720.66016,248070000,11987.91992,12076.9502,11899.82031,11953.13965,86874300,6358.5,6403.200195,6358.5,6383.0,0,26935.86914,26984.01953,26837.66992,26965.2793,1601926500,16.25,16.540001,15.36,15.93,0,52.1,0.6984,1.1294,0.6639,1.2713,3.8739999999999997,1.3374,6.9082,6.6433,7.8393,69.21,108.08,1179.51,4.1719,19.7198,8.7291,9.4418,14.98,1.3630000000000002,176.35,0.9886,31.32,31.4,5904.4388
1559880000.0,1,1340.65,64.1,14.77,808,7652.970215,7767.02002,7647.910156,7742.100098000001,2066020000,2852.8701170000004,2884.969971,2852.8701170000004,2873.340088,3220250000,25768.7207,26072.75,25768.7207,25983.93945,263010000,12003.91992,12096.61035,11987.16992,12045.37988,78133400,6383.0,6443.899902,6383.0,6443.899902,0,26935.86914,26984.01953,26837.66992,26965.2793,1601926500,15.65,16.440001000000002,15.33,16.299999,0,52.1,0.7002,1.1324,0.6664,1.274,3.8616,1.3287,6.9057,6.5931,7.8413,69.32,108.15,1181.27,4.1602,19.6675,8.6273,9.4001,14.985,1.3624,176.25,0.9877,31.42,31.25,6018.6668
1560139200.0,0,1328.6,64.31,14.69,806,7798.870117,7895.439941,7795.759765999999,7823.169922,2049370000,2885.830078,2904.77002,2885.51001,2886.72998,3209210000,26090.2207,26210.60938,26054.31055,26062.67969,249280000,12003.91992,12096.61035,11987.16992,12045.37988,78133400,6383.0,6443.899902,6383.0,6443.899902,0,27206.60938,27606.41992,27155.0293,27578.64063,2272329600,16.299999,16.469998999999998,15.84,15.94,0,52.1,0.6964,1.1311,0.6615,1.2684,3.8708,1.3259,6.9298,6.6026,7.843,69.49,108.56,1185.01,4.1599,19.180999999999997,8.6481,9.4173,14.785,1.3658,176.3,0.9898,31.43,31.35,6034.084
1560225600.0,0,1324.3,63.56,14.57,816,7901.040039,7909.990234000001,7798.629883,7822.569823999999,2114680000,2903.27002,2910.610107,2878.530029,2885.719971,3548420000,26180.58984,26248.66992,25998.86914,26048.50977,253490000,12133.59961,12227.40039,12117.33984,12155.80957,92286500,6443.899902,6546.299805,6443.899902,6546.299805,0,27677.06055,27857.84961,27577.910160000003,27789.339839999997,1824700000,15.84,16.700001,15.5,15.99,0,52.1,0.6956,1.1316,0.6581,1.2724,3.8593,1.3291,6.9107,6.5998,7.8369,69.42,108.52,1178.88,4.1632,19.1315,8.6327,9.4424,14.68,1.3639,176.39,0.9925,31.39,31.28,6071.534000000001
1560312000.0,1,1332.35,61.66,14.68,812,7803.129883,7819.160156,7773.970215,7792.720215,1952790000,2882.72998,2888.570068,2874.679932,2879.840088,3034130000,26040.30078,26082.09961,25958.66016,26004.83008,223690000,12093.98047,12132.280270000001,12068.11035,12115.67969,67858700,6546.299805,6587.299805,6543.700195,6543.700195,0,27603.11914,27603.11914,27222.0293,27308.460939999997,1866884200,16.26,16.43,15.78,15.91,0,52.1,0.6942,1.131,0.6579999999999999,1.2693,3.8360000000000003,1.3298,6.9161,6.6025,7.825,69.35,108.42,1182.82,4.1564,19.153,8.6421,9.4516,14.8425,1.3648,176.44,0.9944,31.41,31.26,6071.5342
1560398400.0,0,1335.9,63.28,14.66,808,7822.560059,7848.359863,7813.600098000001,7837.129883,1838930000,2886.23999,2895.23999,2881.98999,2891.639893,3069810000,26036.93945,26146.91016,25995.71094,26106.76953,213400000,12095.20996,12201.780270000001,12079.59961,12169.049809999999,67096900,6543.700195,6563.200195,6534.299805,6542.399902,0,27217.7207,27294.710939999997,26825.34961,27294.710939999997,1846303100,16.16,16.209999,15.61,15.82,0,52.1,0.691,1.1275,0.6565,1.2678,3.8456,1.3330000000000002,6.9212,6.622999999999999,7.8289,69.53,108.44,1183.23,4.1626,19.176,8.6785,9.4878,14.8975,1.3667,176.5,0.9946,31.48,31.19,6144.3064
1560484800.0,1,1351.25,63.13,14.84,807,7807.189941,7819.209961,7778.120117,7796.660156,1804340000,2886.820068,2894.449951,2879.6201170000004,2886.97998,2922330000,26076.35938,26162.2793,25988.08984,26089.60938,208020000,12124.36035,12136.65039,12049.75977,12096.40039,67936400,6542.399902,6559.5,6533.0,6554.0,0,27180.74023,27275.88086,27051.75,27118.34961,2031083500,16.0,16.4,15.21,15.28,0,52.1,0.6872,1.1217,0.6502,1.2601,3.8936,1.3382,6.9247,6.657,7.8259,69.81,108.44,1184.7,4.1658,19.13,8.7165,9.4858,14.795,1.3707,176.68,0.9990000000000001,31.51,31.21,6161.5871
1560744000.0,1,1341.3,62.56,14.71,795,7819.430176000001,7865.97998,7812.609863,7845.02002,1935290000,2889.75,2897.27002,2887.300049,2889.669922,2810140000,26108.5293,26165.7793,26049.80078,26112.5293,199500000,12112.469729999999,12124.67969,12059.91992,12085.82031,82441600,6554.0,6555.399902,6527.0,6530.899902,0,27252.44922,27503.09961,27227.160160000003,27227.160160000003,1487266700,15.65,15.76,15.24,15.35,0,52.1,0.6859999999999999,1.1235,0.6504,1.2568,3.8858,1.3398,6.9251,6.6489,7.8322,69.83,108.56,1186.53,4.1756,19.171,8.7135,9.4705,14.7975,1.3703,176.7,0.9982,31.51,31.35,6228.7211
1560830400.0,1,1341.35,63.35,14.73,803,7920.97998,8005.209961,7911.669922,7953.879883,2244920000,2906.709961,2930.790039,2905.439941,2917.75,3437620000,26228.88086,26527.18945,26227.75977,26465.53906,273490000,12069.37012,12358.0,11987.549809999999,12331.75,149370700,6530.899902,6572.5,6529.299805,6570.0,0,27289.69922,27584.11914,27201.01953,27498.76953,1550614700,14.89,15.54,14.62,15.15,0,52.1,0.6872,1.1196,0.6528,1.2547,3.8549,1.3396,6.9002,6.6688,7.8319,69.6,108.39,1185.37,4.1819999999999995,19.1185,8.7411,9.5197,14.5025,1.3675,176.66,0.9994,31.35,31.21,6228.7212
1560916800.0,1,1344.05,62.85,14.85,805,7970.259765999999,7998.589844,7930.379883,7987.319823999999,2014080000,2920.550049,2931.73999,2911.429932,2926.459961,3287890000,26490.16016,26569.75,26415.05078,26504.0,240950000,12321.42969,12346.7002,12291.19043,12308.530270000001,101064900,6570.0,6648.100098,6570.0,6648.100098,0,28224.86914,28224.86914,28022.49023,28202.14063,2076060300,15.05,15.71,14.15,14.33,0,52.1,0.687,1.1214,0.6525,1.2625,3.8731,1.3362,6.8996,6.6587,7.8235,69.64,108.36,1185.37,4.1819999999999995,19.167,8.7303,9.5197,14.4825,1.3655,176.66,0.996,31.51,31.23,6202.8126
1561003200.0,0,1379.5,65.44,15.13,818,8087.450195,8088.879883,7996.870117,8051.339844,2053530000,2949.600098,2958.060059,2931.5,2954.179932,3905940000,26665.38086,26798.63086,26539.68945,26753.16992,278170000,12409.58008,12438.37012,12355.38965,12355.38965,92311000,6648.100098,6687.399902,6638.799805,6687.399902,0,28308.84961,28563.08008,28258.01953,28550.429689999997,1820185000,14.04,16.030001000000002,13.19,14.75,0,52.1,0.6917,1.1284,0.6584,1.27,3.8386,1.3208,6.851,6.6168,7.8137,69.44,107.52,1159.05,4.1454,18.9905,8.5728,9.4176,14.335,1.3559999999999999,176.65,0.9821,30.99,30.86,6257.5687
1561089600.0,0,1397.15,65.99,15.29,803,8028.689941,8073.02002,8011.200195,8031.709961,2894340000,2952.709961,2964.149902,2946.8701170000004,2950.459961,5000120000,26749.11914,26907.36914,26705.86914,26719.13086,485560000,12351.98047,12425.2002,12316.41016,12339.91992,204369000,6687.399902,6691.5,6641.100098,6650.799805,0,28581.50977,28581.50977,28359.25,28473.710939999997,2171897300,14.74,15.48,14.42,15.4,0,52.1,0.6920000000000001,1.1328,0.6572,1.2703,3.8212,1.3217,6.8686,6.5905,7.8091,69.59,107.55,1163.25,4.1475,19.077,8.5434,9.3861,14.34,1.3565,176.55,0.9789,31.02,30.78,6276.2269
1561348800.0,0,1405.7,65.16,15.24,812,8040.580078,8047.560059,8004.629883,8005.700195,2070370000,2951.419922,2954.919922,2944.050049,2945.350098,3136250000,26727.60938,26806.51953,26723.36914,26727.53906,232390000,12308.11035,12341.55957,12250.70996,12274.57031,87063600,6650.799805,6665.399902,6617.0,6665.399902,0,28400.63086,28634.48047,28358.06055,28513.0,1338833200,15.46,15.56,15.23,15.26,0,52.1,0.6964,1.1393,0.662,1.2728,3.8265,1.3196,6.8758,6.5533,7.8085,69.32,107.36,1156.14,4.1403,19.180999999999997,8.4882,9.2946,14.3775,1.3537,176.4,0.972,31.03,30.66,6506.385
1561435200.0,0,1431.4,66.24,15.33,815,8005.27002,8007.310059,7879.149901999999,7884.720215,2127310000,2945.780029,2946.52002,2916.01001,2917.3798829999996,3578050000,26731.60938,26752.31055,26527.66016,26548.2207,282160000,12226.87988,12284.57031,12213.41016,12228.44043,71690000,6665.399902,6680.299805,6647.299805,6658.0,0,28447.960939999997,28470.09961,28066.13086,28185.98047,1851984100,15.43,16.68,15.1,16.280001000000002,0,52.1,0.6975,1.1386,0.6655,1.2721,3.8312,1.3164,6.8791,6.5567,7.8104,69.26,106.92,1155.97,4.1424,19.2205,8.5088,9.2585,14.2925,1.3526,176.39,0.9726,31.09,30.71,6506.3848
1561521600.0,1,1403.95,66.85,15.13,808,7933.919922,7974.279785,7903.069823999999,7909.970215,2104750000,2926.070068,2932.590088,2912.98999,2913.780029,3478130000,26599.41992,26660.03906,26536.33008,26536.82031,274340000,12210.51953,12315.83984,12189.49023,12245.32031,84899000,6658.0,6658.0,6637.399902,6640.5,0,28046.160160000003,28267.98047,27985.98047,28221.98047,1431402200,16.1,16.6,15.47,16.209999,0,52.1,0.6990000000000001,1.139,0.6692,1.2697,3.8355,1.3109,6.8781,6.5535,7.808,69.18,107.64,1156.36,4.1467,19.125,8.4798,9.2506,14.22,1.3527,176.5,0.976,31.05,30.73,6343.2671
1561608000.0,1,1402.5,66.78,15.12,813,7939.359863,7976.580078,7935.470215,7967.759765999999,2023120000,2919.659912,2929.300049,2918.570068,2924.919922,3122920000,26523.7207,26607.24023,26465.32031,26526.58008,246930000,12308.25977,12334.57031,12209.33984,12271.030270000001,82484500,6640.5,6666.299805,6606.299805,6666.299805,0,28352.93945,28621.41992,28287.339839999997,28621.41992,1679897500,15.66,16.4,15.66,15.82,0,52.1,0.6998,1.1372,0.6699,1.2674,3.8604,1.3115,6.8762,6.5636,7.8144,69.01,107.73,1157.86,4.1419999999999995,19.163,8.5184,9.2713,14.1525,1.3534,176.5,0.9766,31.05,30.78,6462.9532
1561694400.0,0,1409.0,67.52,15.15,813,7988.759765999999,8010.149901999999,7961.459961,8006.240234000001,4078990000,2932.939941,2943.97998,2929.050049,2941.76001,5420700000,26605.92969,26638.34961,26522.26953,26599.96094,499350000,12302.76953,12408.219729999999,12297.62988,12398.799809999999,96465800,6666.299805,6670.100098,6618.799805,6618.799805,0,28632.589839999997,28632.589839999997,28416.960939999997,28542.61914,1486688000,15.7,16.129998999999998,15.08,15.08,0,52.1,0.7009,1.1374,0.6711,1.2704,3.8289999999999997,1.3091,6.865,6.5617,7.8103,68.92,107.84,1154.58,4.136,19.2089,8.5286,9.2869,14.14,1.3533,176.35,0.9758,31.01,30.68,6550.0476
